–í–∞–Ω—á–æ,–°–æ–ª—å,"–ß–µ–ª–æ–≤–µ–∫—É –Ω—É–∂–Ω–∞ —Å–æ–ª—å,
–ß—Ç–æ–±—ã –∂–∏–∑–Ω–∏ —á—É–≤—Å—Ç–≤–æ–≤–∞—Ç—å –≤–∫—É—Å;
–ì–¥–µ-—Ç–æ –≤ –≥–ª—É–±–∏–Ω–∞—Ö –º–∞—Ç—Ä–∞—Ü–∞ —Ñ–∞—Å–æ–ª—å,
–ß—Ç–æ–± –ø–æ–º–Ω–∏—Ç—å ‚Äì –æ–Ω –Ω–µ –¢–æ–º –ö—Ä—É–∑",1
–í–∞–Ω—á–æ,–°–Ω–µ–≥,"–õ—é–±–∏—Ç—å –æ–¥–Ω–∏ –≥–ª–∞–∑–∞ ‚Äì¬†–Ω–µ –≤—Å–µ–º –¥–æ–∫—Ç–æ—Ä –ø—Ä–æ–ø–∏—Å–∞–ª.
–í—Å–ø–æ–º–Ω–∏ –°–µ–≤–µ—Ä—É—Å–∞ –°–Ω–µ–π–ø–∞ ‚Äì —Å—Ç–∞–µ—Ç —Å–Ω–µ–≥ –Ω–∞ –≥–ª–∞–∑–∞—Ö.",2
–í–∞–Ω—á–æ,–õ—É–∫,"–†–æ–±–∏–Ω —Ç–æ –ì—É–¥, –Ω–æ –µ—Å–ª–∏ –≤–¥—Ä—É–≥,
–ó–∞–±–µ—Ä—É—Ç –≥–∞–¥—ã –µ–≥–æ –ª—É–∫?",3
–í–∞–Ω—á–æ,–ù–æ—Å,"–Ø —Ö–æ–∂—É –≤—Å–µ–≥–¥–∞ —Å—Ç—Ä–æ–≥–æ,
–í—ã—Å–æ–∫–æ –ø–æ–¥–Ω—è–≤ –Ω–æ—Å,
–ü—É—Å—Ç—å –≤–æ–∫—Ä—É–≥ –≤—Å–µ –±—å—é—Ç —Ç—Ä–µ–≤–æ–≥—É,
–í–µ–¥—å –∑–Ω–∞—é—Ç ‚Äì —è –±–æ—Å—Å!",4
–í–∞–Ω—á–æ,–î–æ–∂–¥—å,"–í—Å—é –Ω–æ—á—å –ø–æ –∫—Ä—ã—à–µ –¥–æ–∂–¥—å ‚Äì
–í –ø—Ä–æ–≥–Ω–æ–∑–∞—Ö —Å–Ω–æ–≤–∞ –ª–æ–∂—å.
–ö–æ–º—É –º–Ω–µ –¥–æ–≤–µ—Ä—è—Ç—å?
–£—Å—Ç–∞–ª –æ—Ç —Å–ø–∏–Ω—ã –ø—Ä—è—Ç–∞—Ç—å –Ω–æ–∂!",5
Trin,–ö—Ä—ã–ª—å—è,"–ö–æ–≥–¥–∞ –±–µ–≥—É ‚Äì –ø–æ–¥–Ω–∏–º–∞—é –ø—ã–ª—å —è.
–í–æ—Ç –±—ã –≤–∑–ª–µ—Ç–µ—Ç—å, –≤–æ—Ç –±—ã –∏–º–µ—Ç—å –∫—Ä—ã–ª—å—è!",1
–í–∞–Ω—á–æ,–ö—Ä—ã–ª—å—è,"–≠—Ç–æ –±—ã–ª–∞ –Ω–µ —Å–∫–∞–∑–∫–∞, —Ç–∞–º –±—ã–ª —è!
–ò –æ–Ω –ø—Ä–∞–≤–¥–∞ –≤–∑–ª–µ—Ç–µ–ª, –±—É–¥—Ç–æ –∏–º–µ–ª –∫—Ä—ã–ª—å—è",6
–í–∞–Ω—á–æ,–ö—Ä—ã–ª—å—è,"–õ—é–±–ª—é –ø–æ–º—É—Å–æ—Ä–∏—Ç—å ‚Äì –≥—Ä—è–∑–Ω—É–ª—è –∫–∞–∫ —Å–≤–∏–Ω—å—è.
–ë–æ—é—Å—å –ø—Ä–µ–¥—Å—Ç–∞–≤–∏—Ç—å –∏—Ö —Ö–ª–µ–≤, –µ—Å–ª–∏ –± —É –Ω–∏—Ö –±—ã–ª–∏ –∫—Ä—ã–ª—å—è!",7
Trin,–õ–µ—Å,"–Ø –Ω–µ —á–∞—Å—Ç–æ —Ö–æ–∂—É –≤ –ª–µ—Å, 
–í–µ–¥—å –Ω–µ –∫—Ä–µ–ø–∫–∏–π –æ—Ä–µ—à–µ–∫ –∫–∞–∫ –£–∏–ª–ª–∏—Å.
–ù–µ —Ö–æ—á—É –∫–∞–∫ –æ–Ω, —Ç–∏–ø –∫–∞–∫ –∫–æ–≥–¥–∞ –≤ —Ç—Ä—É–±—É –≤–ª–µ–∑.
–ù–µ –Ω—É–∂–Ω—ã –ø–æ–∫–∞ —Ä–µ–∫–æ—Ä–¥—ã –≤ –ì–∏–Ω–Ω–µ—Å.",1
–í–∞–Ω—á–æ,–õ–µ—Å,"–õ—é–±–ª—é –∫–∞–∫ –ø–∞—Ö–Ω–µ—Ç –≤–µ—Å–µ–Ω–Ω–∏–π –ª–µ—Å!
–°—Ä–∞–∑—É –≤ –≥–æ–ª–æ–≤—É –ø–µ—Å–Ω–∏ –º–æ—Ç–∏–≤ –ø–æ–ª–µ–∑!",1
–í–∞–Ω—á–æ,–Ø–±–ª–æ–∫–æ,"–û—Ç –ú–æ—Å–∫–≤—ã –¥–æ –ü–∏—Ç–µ—Ä–∞ –≤–∑—è–ª BlaBlaCar,
–ë—ã—Å—Ç—Ä–æ —É–¥–∏–≤–∏—Ç–µ–ª—å–Ω–æ ‚Äì –Ω–µ –¥–æ–µ–ª —è–±–ª–æ–∫–æ!",2
–í–∞–Ω—á–æ,–û–∑–µ—Ä–æ,"–õ–µ–≥–µ–Ω–¥—ã —Ä—ç–ø–∞ ‚Äì Bad Boys —Å–Ω–æ–≤–∞ –≤ –¥–µ–ª–µ!
C–ø–æ—é—Ç –ø–µ—Å–Ω—é –ø—Ä–æ –æ–∑–µ—Ä–æ, —á—Ç–æ –¥–∞–≤–Ω–æ –Ω–µ –ø–µ–ª–∏!",3
–í–∞–Ω—á–æ,–ù–æ—Å,"–í—ã—à–µ–ª –≤ –ø–æ–ª–µ, —Ç–∞–º –º–Ω–æ–≥–æ –∫–æ—Å.
–í–¥–æ—Ö–Ω—É–ª –ø–æ-–±–æ–ª–µ, –≤–æ –≤–µ—Å—å –Ω–æ—Å!",4
–í–∞–Ω—á–æ,–í–µ—Ç–µ—Ä,"–®—É–º–Ω–æ –≤–æ –¥–≤–æ—Ä–µ, –∏–≥—Ä–∞—é—Ç –¥–µ—Ç–∏.
–ù–æ —è –≤—ã—Å–æ–∫–æ, —Å–ª—ã—à—É –ª–∏—à—å –≤–µ—Ç–µ—Ä.",5
–í–∞–Ω—á–æ,–°–æ–ª—å,"–î–æ–ª–≥–æ —Ö–æ–¥–∏–ª ‚Äì –Ω–∞ –Ω–æ–≥–∞—Ö –º–∞–∑–æ–ª—å.
–ü–æ—Ä–∞ –ø–æ–æ–±–µ–¥–∞—Ç—å ‚Äì –∂–∞–ª—å –ø—Ä–æ–ø–∞–ª–∞ —Å–æ–ª—å.",2
–í–∞–Ω—á–æ,–î–æ–∂–¥—å,"–ë—ã–ª –±—ã —è –ø–ª–µ–º–µ–Ω–∏ –≤–æ–∂–¥—å,
–¢–æ —É–º–µ–ª –±—ã —Ç–æ—á–Ω–æ –≤—ã–∑—ã–≤–∞—Ç—å –¥–æ–∂–¥—å!",3
Trin,–ú—ë–¥,"–¢—É—á–∏ —Å–≥—É—â–∞—é—Ç—Å—è, –¥–æ–∂–¥—å –≤–æ–Ω –≥—Ä—è–¥–µ—Ç!
–ü—á–µ–ª –Ω–µ —Å–º—É—â–∞–µ—Ç ‚Äì –≤—Å—ë –¥–µ–ª–∞—é—Ç –º—ë–¥!",1
Trin,–ú–æ—Å—Ç,"–ò–Ω–æ–≥–¥–∞ —Å—Ç—Ä–∞–Ω–Ω–æ–µ —á—É–≤—Å—Ç–≤–æ, –±—É–¥—Ç–æ —Å–µ—Ä–∏–∞–ª lost!
–¢–∏–ø–∞ –≤—Å—ë —Å–∏–ª—å–Ω–æ –∑–∞–ø—É—Ç–∞–Ω–Ω–æ, –∏ –Ω–µ –ø–æ–Ω—è—Ç–Ω–æ ‚Äì –≥–¥–µ —Å–º—ã—Å–ª–∞ –º–æ—Å—Ç?",2
Trin,–•–æ–ª–º,"–ö–æ–≥–¥–∞ —è –≤ –∑–¥–∞–Ω–∏–∏, –≤—Å–µ –¥–µ–ª–∞—é—Ç ¬´–£–æ—É!¬ª
–£–≤–∏–¥–µ—Ç—å —á—Ç–æ–± –∏–∑–¥–∞–ª–µ–∫–∞, –∑–∞–ª–µ–∑–∞—é—Ç –Ω–∞ —Ö–æ–ª–º!",3
Trin,–†–æ—Å—Ç,"–í–µ—â–∏ –¥–æ—Ä–æ–≥–æ —Å—Ç–æ—è—Ç ‚Äì high cost.
–ù–æ —Ç–∞–∫–æ–≤–∞ —Ü–µ–Ω–∞ –ø—Ä–æ—Å—Ç–æ –∑–∞ —Ä–æ—Å—Ç.",1
–í–∞–Ω—á–æ,–ö–æ—Ç,"–•–æ—Ä–æ—à–æ –∂–∏—Ç—å, –∫–æ–≥–¥–∞ —Ç—ã ‚Äì –∫–æ—Ç.
–≠—Ç–æ –¥–ª—è –∂–∏–∑–Ω–∏ –±—É–¥—Ç–æ —á–∏—Ç-–∫–æ–¥!",1
–í–∞–Ω—á–æ,–¢—Ä–∞–≤–∞,"–ü–æ—Å—Ç-–∞–ø–æ–∫–∞–ª–∏–ø–∏—Å–∏—Å, –ø–æ—Å–ª–µ —É–¥–∞—Ä–∞
–°–µ–≥–æ–¥–Ω—è –ø–æ–±–µ–¥–∞ –æ–¥–Ω–∞ ‚Äì
–¢–∞–º –≥–¥–µ —Ç–æ–ª–ø–∞ —Ä–∞–Ω—å—à–µ –≥—É–ª—è–ª–∞,
–¢–µ–ø–µ—Ä—å –≤–µ–∑–¥–µ –ª–∏—à—å —Ç—Ä–∞–≤–∞.",2
–í–∞–Ω—á–æ,–í–µ—Ç–µ—Ä,"–í—ã—à–µ–ª –Ω–æ—á—å—é –Ω–∞ –±–∞–ª–∫–æ–Ω –≤ —Ç–∞–ø–∫–∞—Ö –∏ –ø–ª–µ–¥–µ, –Ω–æ
–®–µ–ø—á–µ—Ç –º–Ω–µ –Ω–∞ —É—Ö–æ —Å—Ç—Ä–∞–Ω–Ω–æ —Ç—ë–ø–ª—ã–π –≤–µ—Ç–µ—Ä!",1
–í–∞–Ω—á–æ,–õ—É–∫,"–ù–µ —Ö–æ—á—É —É—Å–ª—ã—à–∞—Ç—å –≤ –¥–≤–µ—Ä—å —Å—Ç—É–∫.
–í –≥–ª–∞–∑–æ–∫ look, –ø—Ä–∏–≥–æ—Ç–æ–≤—å –ª—É–∫.",2
–í–∞–Ω—á–æ,–¶–≤–µ—Ç,"–ñ–∞–ª—å —Å–æ–±–∞–∫–∏ –Ω–µ –≤–∏–¥—è—Ç –≤ —Ü–≤–µ—Ç–µ,
–°–∏–ª—å–Ω–µ–π –±—ã –ø–æ–ª—é–±–∏–ª–∏ –º–∏—Ä, –º–Ω–æ–≥–æ –≤—Å–µ–≥–æ –∑–∞–º–µ—Ç–∏–≤",3
–í–∞–Ω—á–æ,–°–≤–µ—Ç,"–°–≤—è—Ç –ª–∏ —Ç–æ—Ç, –∫—Ç–æ –≤–∏–¥–∏—Ç —Å–≤–µ—Ç?
–í–¥—Ä—É–≥ –∑–∞—Ç—É–º–∞–Ω–µ–Ω —É–º, –ø—É—Ç–∞–Ω
–° –∑–∞–∫–∞—Ç–æ–º —Ä–∞—Å—Å–≤–µ—Ç?",4
–í–∞–Ω—á–æ,–ú–æ—Ä,"–ï—Å–ª–∏ –±–æ–ª–∏—Ç –Ω–æ—Å ‚Äî —Ç–µ–±—è –∂–¥—ë—Ç –ª–æ—Ä.
–°–∞—Ä–∞–Ω—á–∞ —Å—ä–µ–ª–∞ –∫–æ–ª–æ—Å—Å ‚Äî —Ç–µ–±—è –∂–¥—ë—Ç –º–æ—Ä.",5
–í–∞–Ω—á–æ,–õ–µ—Å,"–õ–µ—Å –∑–∏–º–æ–π –ø—Ä–µ–∫—Ä–∞—Å–µ–Ω –∏ –æ–ø–∞—Å–µ–Ω.
–•–∏—Ç—Ä—ã–π –ª–∏—Å –Ω–µ —Å–∫—Ä–æ–µ—Ç—Å—è –∑–∞ –≥—Ä—è–∑—å—é.",6
–í–∞–Ω—á–æ,–ú–æ—Ä,"–ü–æ–º–Ω—é –∏–∑ –¥–µ—Ç—Å—Ç–≤–∞ –∏–≥—Ä—É ¬´–ú–æ—Ä –£—Ç–æ–ø–∏—è¬ª.
–ù–æ –≤–∏–¥–µ–ª —Ç–æ–ª—å–∫–æ –¥–∏—Å–∫, –¥–ª—è –º–µ–Ω—è –Ω–µ –≤ —Ç–æ–ø–µ –ø—Ä—è–º.",7
–í–∞–Ω—á–æ,–Ø–±–ª–æ–∫–æ,"–°—Ç–∏–≤ –î–∂–æ–±—Å –ø—Ä–∏–¥—É–º–∞–ª —è–±–ª–æ–∫–æ.
–Ø –ø—Ä–∏–¥—É–º–∞–ª —ç—Ç–æ–≥–æ –±–æ—Ç–∞.
–ï—Å–ª–∏ –ø–æ—Å–º–æ—Ç—Ä–µ—Ç—å ‚Äî —Å–¥–µ–ª–∞–ª–∏ –æ–¥–∏–Ω–∞–∫–æ–≤–æ.
–ü—Ä–æ—Å—Ç–æ –≤ –º–∞—Å—à—Ç–∞–±–∞—Ö —Å–≤–æ–µ–≥–æ –±–æ–ª–æ—Ç–∞üòé",1
–í–∞–Ω—á–æ,–®—É–º,"–û—Ç —à–∏–Ω —à—É–º! –®–∞—Ä —à–∞–ª–∏—Ç.
–í—Ä—É–º-–≤—Ä—É–º! No speed limit!",2
–í–∞–Ω—á–æ,–†–æ—Ç,"–ö–æ–≥–¥–∞ –æ—Ç–∫—Ä—ã–≤–∞–µ—Ç —Ä–æ—Ç
–≠—Ç–æ—Ç –∂—É–∫‚Ä¶
–û—Ç –Ω–µ–≥–æ –≤—Å–µ–≥–¥–∞ –∏–¥–µ—Ç
–¢–æ–ª—å–∫–æ —à—É–º!",3
–í–∞–Ω—á–æ,–ì–æ—Ä–æ–¥,"–í—ã—Ö–æ–∂—É –≤ –≥–æ—Ä–æ–¥, —à–∞—Ä—Ñ –∑–∞ –≤–æ—Ä–æ—Ç.
–Ø ‚Äî –º–æ–¥–Ω—ã–π, –∫–∞–∫ —Ñ—Ä–∞–Ω—Ü—É–∑.
–ë–æ–∫—É –º–µ—Ä—Å–∏ –∑–∞ –ø–æ–≤–æ–¥.",4
–í–∞–Ω—á–æ,–ë–æ–∫,"–ù–µ–¥–∞–≤–Ω–æ —Å–∫–∞—á–∞–ª –Ω–∞ –∞–π—Ñ–æ–Ω –¢–∏–∫–¢–æ–∫,
–î—É–º–∞–ª, —á—Ç–æ —Å–∫—É—á–∞–ª, –Ω–æ –Ω–µ –≤–ª–∏–ø –Ω–∞–¥–æ–ª–≥–æ.
–ü–µ—Ä–µ–¥ —Å–Ω–æ–º –ª–∏—Å—Ç–∞–ª, –∫–∞–∫ –ª–µ–≥ –Ω–∞ –±–æ–∫,
–ù–æ —Ç–µ–ø–µ—Ä—å –ª–∏—à—å –ø—ã–ª–∏—Ç—Å—è –∏–∫–æ–Ω–∫–∞.",5
–í–∞–Ω—á–æ,–ü–æ–ª,"–£–¥–æ–±–Ω–æ, –∫–æ–≥–¥–∞ —É —Ç–µ–±—è –µ—Å—Ç—å –ø–æ–ª.
–°—Ä–∞–∑—É –ø–æ–Ω—è—Ç–Ω–æ, –∫—É–¥–∞ go.",1
–í–∞–Ω—á–æ,–ú–æ—Å—Ç,"–ë—ã–ª –±—ã –≤ —Å–µ–ª–µ, —à–µ–ª –±—ã –Ω–∞ –ø–æ–≥–æ—Å—Ç.
–°—É–¥—è –ø–æ –ø–æ–ø-–∫—É–ª—å—Ç—É—Ä–µ, —Ç–∞–º –≤–∞—â–µ –ì–û–°–¢.
–ï—â–µ –±—ã–ª–æ –±—ã –∫—Ä—É—Ç–æ –∏–º –ø–æ—Å—Ç—Ä–æ–∏—Ç—å –º–æ—Å—Ç,
–ß—Ç–æ–± –≤–æ–æ–±—â–µ, –≤–Ω–∞—Ç—É—Ä–µ, —Ö–æ—Ç—å –ø–æ–¥–Ω—è—Ç—å —Ç–æ—Å—Ç!",2
–í–∞–Ω—á–æ,–°–æ–Ω,"–°–Ω–∏–ª—Å—è –º–Ω–µ —Å–æ–Ω, —á—Ç–æ —è –µ–º –∫—Ä—É–∞—Å–æ–Ω,
–†—è–¥–æ–º –∞–ª—å—Ñ–∏—Ñ–∞ –±–∞—à–Ω—è, –º–Ω–µ —Ö–∞—Ä–∞—Å–æ",3
–í–∞–Ω—á–æ,–ú–æ—Ä,"–ù–∞ –¥–æ–º –ø–æ—Å—Ç–∞–≤–∏–ª –∞–Ω—Ç–∏-–≤–æ—Ä,
–í —Ö–æ–ª–æ–¥–∏–ª—å–Ω–∏–∫–µ –∞–Ω—Ç–∏-–º–æ—Ä.
–í—Å—ë –∫—É—Ä—å–µ—Ä –º–Ω–µ –¥–æ–º–æ–π –¥–æ—Å—Ç–∞–≤–∏—Ç.
–ê –µ—Å–ª–∏ –Ω–∞–ø–∞–¥–µ—Ç ‚Äî –¥–∞–º –æ—Ç–ø–æ—Ä!",4
–í–∞–Ω—á–æ,–ß–∞–π,"–ü–∏–ª —Ä–∞–Ω—å—à–µ —á–∞–π
–ü–æ 4 –ª–æ–∂–∫–∏ —Å–∞—Ö–∞—Ä–∞,
–û—Ä–≥–∞–Ω–∏–∑–º –æ—Ñ–∏–≥–µ–≤–∞–ª, –∫–∞–∫
–ë–µ–∑ –≤–æ–¥—ã –ø—É—Å—Ç—ã–Ω—è —Å–∞—Ö–∞—Ä–∞",5
–í–∞–Ω—á–æ,–ö—É—Å—Ç,"–í—Ä–æ–¥–µ, –µ—Å—Ç—å —Ö—É–¥–æ–∂–Ω–∏–∫ –ö—É–Ω—Å—Ç.
–¢–æ—á–Ω–æ –µ—Å—Ç—å –∂–∏–≤–æ—Ç–Ω—ã–π ‚Äî —Å–∫—É–Ω—Å.
–ë–µ–∑—É—Å–ª–æ–≤–Ω–æ, —è —Å–∞–º –≤–∏–¥–µ–ª –∫—É—Å—Ç.
–ù–æ, –∫–∞–∂–µ—Ç—Å—è, —Ç—É—Ç —Å–ª–∏—à–∫–æ–º –±–ª–∏–∑–∫–æ —Ö—Ä—É—Å—Ç‚Ä¶ üò±",6
–í–∞–Ω—á–æ,–ö–æ—Ç,"–í –ê—Ñ—Ä–∏–∫–µ –∂–∏–≤–µ—Ç –±–µ–≥–µ–º–æ—Ç,
–ê —É –Ω–∞—Å –¥–æ–º–∞ –∫–∞–π—Ñ—É–µ—Ç –∫–æ—Ç.
–£ –æ–¥–Ω–æ–≥–æ —Å–æ–ª–Ω—Ü–µ, –Ω–æ –æ–ø–∞—Å–µ–Ω –ø–æ–ª–µ—Ç.
–î—Ä—É–≥–æ–π —É–ª—ã–±–Ω–µ—Ç—Å—è –∏ –Ω–∞ –∫—É—Ö–Ω—é –ø–æ–π–¥–µ—Ç!",7
–í–∞–Ω—á–æ,–ú—ë–¥,"–í–µ–¥—Ä–∞–º–∏ –Ω–∏–∫–æ–≥–¥–∞ –Ω–µ –µ–ª –º—ë–¥,
–ü–æ—á—Ç–∏ –Ω–µ –ø—Ä–æ–±–æ–≤–∞–ª —Å–æ—Ç, never had a thought!",8
–í–∞–Ω—á–æ,–£—Ç—Ä–æ,"C–∫–æ—Ä–æ —É—Ç—Ä–æ, –∞ —è –≤—Å—ë –ø–∏—à—É —Ç—É—Ç.
–ù–æ –ª–æ–∂–∏—Ç—å—Å—è —Ä–∞–Ω–æ,
–ë–∏—Ç–≤–∞. –Ω–µ –¥–æ —à—É—Ç–æ–∫.
–ü–æ–±–æ—Ä–æ–ª –ª–µ–Ω—å, —Ü–µ–ª–∏
–í—ã–Ω–µ—Å—É –∫–∞–∫ –≤ —à—É—Ç–µ—Ä.
–ë–∏—Ç–≤–∞. –ù–µ –¥–æ —à—É—Ç–æ–∫!
I do what I should do.",9
–í–∞–Ω—á–æ,–î–æ–∂–¥—å,"–° —É—Ç—Ä–∞ –∂–¥—É –¥–æ–∂–¥—è, –∫–æ–≥–¥–∞ —É–∂–µ?
–í–µ—Å—å –≤—ã—Å–æ—Ö, –º–Ω–µ –Ω—É–∂–Ω—ã –ª—É–∂–∏.
–î–∞–∂–µ —è, —á—Ç–æ –æ–±—ã—á–Ω–æ –Ω–∞ –ø–∞—É–∑–µ,
–†–µ—à–∏–ª, —á—Ç–æ –≤—ã—Ö–æ–¥ –º–Ω–µ –Ω—É–∂–µ–Ω.",10
–í–∞–Ω—á–æ,–õ–µ—Å,"–ú–Ω–æ–≥–æ –ø–æ–≤–∏–¥–∞–ª —Å–ª—É–∂–µ–Ω–∏–π –∏ –º–µ—Å—Å.
–ß–∞—Å—Ç–æ –¥–ª—è –Ω–∏—Ö –≤—ã–±–∏—Ä–∞—é—Ç —Å–≤—è—â–µ–Ω–Ω—ã–π –ª–µ—Å.",11
–í–∞–Ω—á–æ,–ö–æ—Ç,"–°–ª—ã—à–µ–Ω –º–∏–ª—ã–π —Ç–æ–ø–æ—Ç ‚Äî
–¢–∞–∫ –±–µ–∂–∏—Ç –∫–æ—Ç, –≤–æ—Ç –æ–Ω.",12
–í–∞–Ω—á–æ,–®—É–º,"–ö–æ–≥–¥–∞ –∑–∞ –æ–∫–Ω–æ–º, –ª—é—Ç—ã–π —Å–ª—ã—à—É —à—É–º,
–ë–µ—Ä—É —Ç–µ–ª–µ—Ñ–æ–Ω –∏ –∂–º—É –Ω–∞ zoom.",13
–í–∞–Ω—á–æ,–û–∑–µ—Ä–æ,"–ñ–∏–∑–Ω—å –ø–æ–≤–µ—Ä—Ç–µ–ª–∞, –ø–æ–µ–ª–æ–∑–∏–ª–∞.
–ì—Ä—è–∑–Ω—ã–º –±—ã—Ç–∞ —Å—Ç–∞–ª–æ –æ–∑–µ—Ä–æ.
–ß—Ç–æ –≤ –Ω—ë–º –Ω–µ —Å—Ç–∏—Ä–∞–π ‚Äî —É—Å–ø–µ—Ö–∞ –Ω–µ –ø—Ä–∏–Ω–æ—Å–∏—Ç.
–ù—É–∂–Ω–æ –≤—ã—á–∏—â–∞—Ç—å, —á—Ç–æ–± –Ω–µ –±—Ä–æ—Å–∏–ª–∏.",14
–í–∞–Ω—á–æ,–ù–æ—Å,"Why you did it?
For no cause!
–≠—Ç–æ crazy banditos,
–°—Ä–∞–∑—É —á—É—è–ª –Ω–æ—Å!",15
–í–∞–Ω—á–æ,–ù–æ—Å,"–ë—ã–ª —Ç–∞–∫–æ–π —Ö–∏—Ç: –ù–æ—Å–∞ –ù–æ—Å–∞.
–ò –Ω–∏ —É –∫–æ–≥–æ –Ω–µ –±—ã–ª–æ –≤–æ–ø—Ä–æ—Å–∞.
–ß—Ç–æ –æ–∑–Ω–∞—á–∞—é—Ç —ç—Ç–∏ —Å–ª–æ–≤—ë—Å–∞?
–ê —ç—Ç–æ –≤–∑—ã–≤–∞–Ω–∏—è –∫ –≥–æ—Å–ø–æ–¥—É!",16
–í–∞–Ω—á–æ,–°–Ω–µ–≥,"–ì–¥–µ-—Ç–æ –≤–µ–¥—å –±—Ä–æ–¥–∏—Ç
–°–Ω–µ–∂–Ω—ã–π —á–µ–ª–æ–≤–µ–∫.
–ü—Ä—è—á–∞—Å—å –æ—Ç –ª—é–¥–µ–π,
–ù–µ–Ω–∞–≤–∏–¥—è —Å–Ω–µ–≥.",17
–í–∞–Ω—á–æ,–ö–æ—Ç,"–•–æ—Ä–æ—à–æ, –∫–æ–≥–¥–∞ –µ—Å—Ç—å –∫—Ç–æ-—Ç.
–ï—â—ë –ª—É—á—à–µ, –∫–æ–≥–¥–∞ –µ—Å—Ç—å –∫–æ—Ç.",18
–í–∞–Ω—á–æ,–ß–∞–π,"–õ—é–±–ª—é –≤–∫—É—Å–Ω—ã–π —á–∞–π,
–ö–æ–≥–¥–∞ —Ç—ë–ø–ª—ã–π –º–∞–π
–•–æ—Ç—å –Ω–æ—á—å –≥—É–ª—è–π ‚Äì
–ó–¥–æ—Ä–æ–≤—å—è —Ö–æ—Ç—å –æ—Ç–±–∞–≤–ª—è–π",1
–í–∞–Ω—á–æ,–†–æ—Ç,"–†–æ–¥ –Ω–µ—Å–µ—Ç –ª–µ–≥–µ–Ω–¥—ã,
–†–æ—Ç ‚Äì –∑–≤—É–∫ ‚Äì –≤ —É—Ö–æ,
–í –ø–∞–º—è—Ç–∏ –º–æ–º–µ–Ω—Ç—ã",2
–í–∞–Ω—á–æ,–õ–µ—Å,"–ó–Ω–∞—é —á–µ–ª–∞, —á—Ç–æ –ø–æ —É—à–∏ –≤ –¥–æ–ª–≥–∏ –≤–ª–µ–∑.
–ï–≥–æ –Ω–∞ —Ç–∞—á–∫–µ —É–≤–µ–∑–ª–∏ –∏ –∑–∞–∫–æ–ø–∞–ª–∏ –≤ –ª–µ—Å.",1
–ò—Å–ª–∞–º,–†—ã–±–∞,"–ü–æ–π–¥–µ–º –≥—É–ª—è—Ç—å, –≤—ã—Ö–æ–¥–∏ –∏–∑ –Ω–æ—Ä—ã, –±–∞!
–ê —Ç–æ —Ç—ã –≤ —Ä—É—Ç–∏–Ω–µ, –∫–∞–∫ –≤ –≤–æ–¥–µ —Ä—ã–±–∞",2
–í–∞–Ω—á–æ,–ü–æ–ª,"–ó–Ω–∞—é –µ—Å—Ç—å –ü–æ–ª –£–æ–∫–µ—Ä. –ù—É —Ç–æ—á–Ω–µ–µ –±—ã–ª.
–ù–∞–¥–µ—é—Å—å, –Ω–∞ –Ω–µ–±–µ –æ–Ω –Ω–µ –æ–¥–∏–Ω–æ–∫.
–≠—Ö, –∫–∞–∫ –∂–µ –º–æ–ª–æ–¥ –æ–Ω –±—ã–ª!",1
–ò—Å–ª–∞–º,–ö—Ä—ã–ª—å—è,"–õ–µ—á—É –Ω–∞ —ç—Ç–∏—Ö —Å–ª–æ–≤–∞—Ö —Å–ª–æ–≤–Ω–æ –µ—Å—Ç—å –∫—Ä—ã–ª—å—è.
–î–µ—Ä–∂–∏—Ç–µ—Å—å –≤—Å–µ, –∫–æ–≥–æ —Ä–∞–Ω—å—à–µ –º–∞—Ç–æ–º –∫—Ä—ã–ª —è",2
–í–∞–Ω—á–æ,–ú–∞–∫,"–ü–æ–º–Ω—é —Å–≤–æ–π –ø–µ—Ä–≤—ã–π –ú–∞–∫, –ø–æ—Å–ª–µ –Ω–æ—É—Ç–∞ Asus.
–ü–æ–Ω—è–ª, –∫–∞–∫–æ–π —Ç–æ –±—ã–ª –º—Ä–∞–∫. –ë—ã–≤–∞–µ—Ç –∂–µ! –¢–∞–∫–æ–π –∫–∞–∑—É—Å!",1
–í–∞–Ω—á–æ,–Ø–∑—ã–∫,"–•–∏—Ç—Ä—ã–π —è–∑—ã–∫ —É –º–æ–ª–æ–¥–µ–∂–∏!
–•–æ—Ç—è—Ç—å —Å–∫—Ä—ã—Ç—å –æ–Ω–∏ —á—Ç–æ-—Ç–æ, –ø–æ—Ö–æ–∂–µ!",3
–ò—Å–ª–∞–º,–°–Ω–µ–≥,"–°–∫–æ—Ä–æ –±—É–¥–µ—Ç –ª–µ—Ç–æ, –Ω–æ –¥–æ –ø–æ—Ä—ã –º—ã —Ç—É—Ç.
–†–∞–Ω—å—à–µ –±—ã–ª —Å–Ω–µ–≥, —Ç–µ–ø–µ—Ä—å ‚Äì —Ç–æ–ø–æ–ª–∏–Ω—ã–π –ø—É—Ö",6
–ò—Å–ª–∞–º,–î–µ–Ω—å,"–ö–∞–∂–¥—ã–π –¥–µ–Ω—å
–û—É –¥–∞
–Ø –Ω–∞ –±–ª–æ–∫–µ 
–î–æ —É—Ç—Ä–∞",8
–í–∞–Ω—á–æ,–ù–æ—Å,"–ö—Ç–æ –∏–∑ –Ω–∞—Å –≤—Å—é–¥—É —Å—É–µ—Ç –Ω–æ—Å?
–í—Ä–∞–≥ Among us? –ü–æ—Ä–∞ –±–∏—Ç—å SOS?",1
–í–∞–Ω—á–æ,–°–∞–¥,"–Ø –±—ã–ª —Ç–∞–∫–æ–π –≥—Ä—É—Å—Ç–Ω—ã–π ‚Äì so sad.
–ï—Å–ª–∏ –± —Å–ª–µ–∑—ã –ø–æ–ª–∏–ª –Ω–∞ –∫—É—Å—Ç–∏–∫ ‚Äì –≤—ã—Ä–æ—Å –±—ã —Å–∞–¥!",1
–í–∞–Ω—á–æ,–•–æ–ª–º,"–ì–æ—Ä–∞ –≤—ã—Å–æ–∫–∞, –Ω–æ —Å—Ç—Ä–µ–º–∏—Ç—Å—è —Ö–æ–ª–º,
–ë—ã—Ç—å —á–µ–º-—Ç–æ –≤—ã—à–µ, —Ö–æ—Ç—è –±—ã –≤–æ–ª–Ω.",1
–í–∞–Ω—á–æ,–¢—Ä–∞–≤–∞,"–ö–∞—Ä–ª—Å–æ–Ω –∏–≥—Ä–∞—Ç—å –ª—é–±–∏–ª —Å –§—Ä–µ–∫–µ–Ω –ë–æ–∫.
–í—Å—è–∫–∏–µ –¥–µ–ª–∞ –º—É—Ç–∏–ª, –∫–∞–∫ –∫–æ–ª–æ–±–æ–∫ üôÉ",2
–í–∞–Ω—á–æ,–°–æ–ª—å,"–ë–æ–ª—å –±—É–¥–µ—Ç —Å–∏–ª—å–Ω–æ–π –µ—Å–ª–∏ –ø–æ–ø–∞–¥—ë—Ç —Å–æ–ª—å,
–ù–µ –∑—Ä—è –µ–π –∑–∞—Ä—è–∂–∞—é—Ç —Ä—É–∂—å—è, –≤–º–µ—Å—Ç–æ –¥—Ä–æ–±–∏ –ø–æ—Ä–æ–π!",1
Trin,–®—É–º,"–®—É–º–µ—Ä—ã –±—ã–ª–∏ –¥–∞–≤–Ω–æ,
–í–∞–≤–∏–ª–æ–Ω —á—É—Ç—å –ø–æ–∑–∂–µ.
–ï–≥–∏–ø–µ—Ç –ø–æ–¥–Ω—è–ª —à—É–º —Ç–∞–∫–æ–π ‚Äì
–î–æ —Å–∏—Ö –ø–æ—Ä –∏–∑—É—á–∞—é—Ç –º–æ—â–Ω–æ!",1
–í–∞–Ω—á–æ,–ù–µ—Ç,"–í—Ä–µ–º–µ–Ω–∏ –Ω–µ—Ç, –Ω–æ —ç—Ç–æ –Ω–µ –±–µ–¥–∞.
–£–∂–µ —Å–∫–æ—Ä–æ –æ–±–µ–¥, —è–≤–Ω–æ —Å–ø–∞—Ç—å –ø–æ—Ä–∞",1
–í–∞–Ω—á–æ,–î–æ–º,"–ü—Ä–∏—è—Ç–Ω–æ –≤–µ—Ä–Ω—É—Ç—å—Å—è –≤ –¥–æ–º,
–ì–¥–µ –∫–∞–∂–¥—ã–π —É–≥–æ–ª –∑–Ω–∞–∫–æ–º!",1
–í–∞–Ω—á–æ,–®—É–º,"–ú–∞–ª–æ –µ—Å—Ç—å –ª—é–¥–µ–π, –∫–æ–≥–æ —è –±–µ—à—É.
–ù–æ, –∫–æ–≥–¥–∞ –Ω–µ –ª–µ–Ω—å, –ø–æ–¥–Ω–∏–º–∞—é —à—É–º!",1
–í–∞–Ω—á–æ,–ì–∞–∑–µ—Ç–∞,"–í—Ä–µ–º–µ–Ω–∞ –ø—Ä–æ—à–ª–∏,
–ö—Ç–æ –≤–æ–æ–±—â–µ –ø–æ–º–Ω–∏—Ç –∫–∞—Å—Å–µ—Ç—ã?
–õ—É—á—à–µ —Å–ø–æ—Å–æ–±—ã –Ω–∞—à–ª–∏,
–ß–µ–º –ø–æ —É—Ç—Ä–∞–º —á–∏—Ç–∞—Ç—å –≥–∞–∑–µ—Ç—ã‚Ä¶",1
–í–∞–Ω—á–æ,–°–ø–µ–∫—Ç–∞–∫–ª—å,"–û–ø–∞—Å–Ω–æ –≤ –¢–æ–∫–∏–æ ‚Äì –∂–∏–∑–Ω—å —Å–ª–æ–≤–Ω–æ —Å–ø–µ–∫—Ç–∞–ª—å!
–ó–∞–π–¥–µ—à—å –≤ –ø–æ–¥–≤–æ—Ä–æ—Ç–Ω—é ‚Äì —Ç–∞–º —Ç–µ–±—è –∂–¥–µ—Ç —Ç–µ–Ω—Ç–∞–∫–ª—å!",1
–í–∞–Ω—á–æ,–õ–∏—Å—Ç,"–°–ª—ã—à—É –≤ –≥–æ—Ä–æ–¥–µ —Å–≤–∏—Å—Ç:
–ú–∏–º–æ –ø—Ä–æ–Ω—ë—Å—Å—è –ª–∏—Å—Ç.
–í –∂–∏–≤–æ—Ç–µ —É—Ä—á–∏—Ç –≥–ª–∏—Å—Ç
–ì–¥–µ-—Ç–æ –≥—Ä–µ–º–∏—Ç —Å–≤–∏–Ω–µ–π –≤–∏–∑–≥.",1
–í–∞–Ω—á–æ,–•–æ–ª–º,"–ù–µ —Ö–æ–¥–∏ –≤ –º–µ—Å—Ç–Ω—ã–µ –∫–ª—É–±—ã, –ª—É—á—à–µ –≥–æ –Ω–∞ —Ö–æ–ª–º.
–ê —Ç–æ –≤ —ç—Ç–∏—Ö –º–µ—Å—Ç–∞—Ö –ø—Ä–∏—Å—É–Ω—É—Ç —Ç–µ–±–µ –≤ glory hole.",2
–í–∞–Ω—á–æ,–ö—Ä–æ–≤—å,"–ü–æ–¥–Ω–∏–º–∞—é –±—Ä–æ–≤—å.
–ß—Ç–æ-—Ç–æ —Ç—É—Ç –Ω–µ –ª–∞–¥–Ω–æ.
¬´–ü—Ä–æ–¥–∞—é –ª—é–±–æ–≤—å¬ª ‚Äì
–ü–æ–¥–ø–∏—Å—å –≤–Ω–∏–∑—É –ø–ª–∞–∫–∞—Ç–∞.",1
–í–∞–Ω—á–æ,–ü–µ—Ä–µ—Å—Ç—Ä–µ–ª–∫–∞,"–í –∫–æ—Å–º–æ—Å –ª–µ—Ç–∞–ª–∏ –ë–µ–ª–∫–∞ –∏ –°—Ç—Ä–µ–ª–∫–∞.
–ñ–∞–ª—å, –Ω–µ –∫–∞–∫ –∑–≤–µ–∑–¥–Ω—ã—Ö –≤–æ–π–Ω–∞—Ö, –Ω–µ –±—ã–ª–∞ –ø–µ—Ä–µ—Å—Ç—Ä–µ–ª–∫–∞",2
–í–∞–Ω—á–æ,–õ–∞–Ω–¥—ã—à,"–í –ø–æ–ª–µ —Å—Ç–æ–∏—Ç –æ–¥–∏–Ω–æ–∫–æ –ª–∞–Ω–¥—ã—à.
–•–æ–ª–æ–¥ –ø—Ä–æ–Ω–∑–∏—Ç –µ–≥–æ, –Ω—É–∂–Ω–∞ –≤–æ–¥–∞ –ª–∏—à—å.",3
–í–∞–Ω—á–æ,–ö–∞—Ä—Ç–∏–Ω–∞,"–ó–∞—Ç—è–Ω—É–ª–æ –æ–∑–µ—Ä–æ —Ç–∏–Ω–æ–π.
–ù–æ—á—å –Ω–∞ –¥–≤–æ—Ä–µ, –≤–æ—Ç —ç—Ç–æ –∫–∞—Ä—Ç–∏–Ω–∞!",4
–í–∞–Ω—á–æ,–ó–≤–µ–∑–¥—ã,"–ü—Ç–∏—Ü—ã –ø–æ-–≤—ã—à–µ –≤—å—é—Ç —Å–≤–æ–∏ –≥–Ω–µ–∑–¥–∞.
–ü—Ä–æ—Å—Ç–æ —Ö–æ—Ç—è—Ç –ø–æ—Å–º–æ—Ç—Ä–µ—Ç—å –Ω–∞ –∑–≤–µ–∑–¥—ã.",5
–í–∞–Ω—á–æ,–î–µ–Ω—å,"–ü–æ-—á–µ—à—Å–∫–∏ –ø–æ—Ö–æ–∂–µ ¬´dobry¬ª –¥–µ–Ω—å
—Å —Ä—É—Å—Å–∫–∏–º, –Ω–æ —Å–º—ã—Å–ª –∏–Ω–æ–π, I‚Äôll show:
–£ –Ω–∞—Å –≤—Å—è —Ñ—Ä–∞–∑–∞ –≤ –¥–æ–±—Ä–æ—Ç–µ,
–ê —É –Ω–∏—Ö –ø—Ä–æ—Å—Ç–æ –≤—Å—ë ¬´—Ö–æ—Ä–æ—à–æ¬ª.",6
–í–∞–Ω—á–æ,–í–µ–¥—É—â–∏–π,"–í–µ–¥—É—â–∏–π –Ω–∞ —Ç–µ–ª–µ–∫–∞–Ω–∞–ª–µ ‚Äì —ç—Ç–æ —Ö–æ—Ä–æ—à–æ.
–ò–¥—É—â–µ–π –ø–æ—Å–ª–µ –ø–æ–ª—É–Ω–æ—á–∏ ‚Äì –Ω–µ, –Ω—É –∞ —à–æ?",7
–í–∞–Ω—á–æ,–ü–æ–ª–∏—Ü–µ–π—Å–∫–∏–π,"–¢–æ–ª–∏ –ø—Ä–∞–≤–µ–¥–Ω–∏–∫, —Ç–æ–ª–∏ –≥–µ–Ω–≥—Å—Ç–µ—Ä.
–ù–∏–∫–æ–≥–¥–∞ –Ω–µ –ø–æ–π–º–µ—à—å, –∫–∞–∫–∏–º –±—É–¥–µ—Ç –ø–æ–ª–∏—Ü–µ–π—Å–∫–∏–π.",8
–í–∞–Ω—á–æ,–†–æ—Å—Ç,"–•–æ—Ä–æ—à–æ, –∫–æ–≥–¥–∞ –µ—Å—Ç—å —Ä–æ—Å—Ç.
–ü–ª–æ—Ö–æ, –∫–æ–≥–¥–∞ –æ—Ç—Ä–∏—Ü–∞—Ç–µ–ª—å–Ω—ã–π.
–ì–ª–∞–≤–Ω–æ–µ –∑–∞ —Å–æ–±–æ–π –Ω–µ –∂–µ—á—å –º–æ—Å—Ç.
–ß—Ç–æ–± –≤–µ—Ä–Ω—É—Ç—å—Å—è –±—ã–ª–æ –∫—É–¥–∞ —Ç–µ–±–µ!",9
–ò—Å–ª–∞–º,–ë–æ–∫,"–£ –º–µ–Ω—è –±–æ–ª–∏—Ç –±–æ–∫.
–ë–µ–∂–∞—Ç—å –±—ã—Å—Ç—Ä–æ, –∫–∞–∫ –±–æ–ª–∏–¥ –º–æ–≥.
–ù–æ —Ç–µ–ø–µ—Ä—å –∏–Ω–≤–∞–ª–∏–¥-–ª–æ—Ö",2
–í–∞–Ω—á–æ,–¥–æ–º,"–ü–æ–º–Ω—é –≤ –ü–µ—Ä–≤–∏–∫–µ —Å–≤–æ–π –ø–µ—Ä–≤—ã–π –¥–æ–º.
–°–æ–≤–µ—Ç—Å–∫–∞—è, 20. –¢–∞–±–ª–∏—á–∫–∞ –Ω–∞ –Ω—ë–º.",1
–í–∞–Ω—á–æ,–¢–∏—Ç–∞–Ω—ã,"–ü–æ–≤—Å—é–¥—É —Ç–∏—Ç–∞–Ω—ã, –≥–∞–∑ –≤ –£–ü–ú –Ω–∞ –∏—Å—Ö–æ–¥–µ.
–ñ–∞–ª—å –ø–æ–¥ —Ä—É–∫–æ–π –Ω–µ—Ç –∫–∞—Ç–∞–Ω—ã ‚Äì –ø–æ—Ä—É–±–∏–ª –±—ã –ø—Ä–∏ –ª—é–±–æ–π –ø–æ–≥–æ–¥–µ.",1
–í–∞–Ω—á–æ,–ë–æ–≥,"–ï—Å—Ç—å –ª–∏ –ë–æ–≥? –ú—ã —É–∑–Ω–∞–µ–º –≤ –∫–æ–Ω—Ü–µ.
–ú–æ–∂–µ—Ç —Å–∫–∞–∂–µ—Ç: ¬´–¢—ã —Å–º–æ–≥¬ª,
–ò Nirvana –¥–∞—Å—Ç –∫–æ–Ω—Ü–µ—Ä—Ç.",2
–í–∞–Ω—á–æ,–ü—É–∫,"–î—Ä—É–≥ –Ω–µ —Ä–∞–∑–ª—é–±–∏—Ç —Ç–µ–±—è –∑–∞ –ø—É–∫.
–ú–æ–∂–µ—Ç –ø–æ—à—É—Ç–∏—Ç. –ì–æ—Ç–æ–≤ –±—É–¥—å, –≤–¥—Ä—É–≥.",3
–í–∞–Ω—á–æ,–ß–µ–ª–æ–≤–µ–∫-–ø—É–∫,"–ù–µ –≤—Å–µ–º –¥–æ—Å—Ç–∞—é—Ç—Å—è –∫—Ä—É—Ç—ã–µ —Å–ø–æ—Å–æ–±–Ω—Å–æ—Å—Ç–∏.
–ù–µ –∫–∞–∂–¥—ã–π –º—É—Ç–∞–Ω—Ç –±—ã—Å—Ç—Ä–µ–µ —á–µ–º –∑–≤—É–∫.
–ù–µ –±–µ—Ä—É—Ç –±—ç—Ç—Å, –∏–∫—Å–º—ç–Ω—ã, –ª–∏–≥–∏ –∏–∑ –∫–æ–º–∏–∫—Å–æ–≤
–ì–µ—Ä–æ—è –ø–æ –∏–º–µ–Ω–∏ ‚Äì –ß–µ–ª–æ–≤–µ–∫-–ü—É–∫",4
–í–∞–Ω—á–æ,–ò–ª–ª—é–º–∏–Ω–∞—Ç—ã,"–õ—é–±–ª—é –∂–∏—Ç—å —Å —à–∏–∫–æ–º ‚Äì —Å–Ω–∏–º–∞—Ç—å –ø–µ–Ω–∞—Ç—ã.
–ñ–∏–≤—É —Å–ª–∏—à–∫–æ–º –∂–∏—Ä–Ω–æ, —Å–∫–∞–∂—É—Ç ‚Äì ¬´–ò–ª–ª—é–º–∏–Ω–∞—Ç —Ç—ã¬ª",5
–í–∞–Ω—á–æ,–í–æ–π–Ω–∞,"–ì–æ–Ω–≥ –ø—Ä–æ–∑–≤–µ–Ω–µ–ª ‚Äì –≤—Å–µ –Ω–∞ –±–æ–π, –¥–∞!
–≠—Ç–æ –Ω–µ –º–æ—Ä–¥–æ–±–æ–π, –∞ –ø—Ä—è–º –≤–æ–π–Ω–∞!",6
–í–∞–Ω—á–æ,–í–∞–Ω—á–æ,"–ö—Ç–æ —Ç–∞–∫–æ–π –í–∞–Ω—á–æ?
–î–∞ ‚Äì –ø—Ä–æ—Å—Ç–æ–π –º–∞–ª—å—á–∏–∫.
–ü—Ä–æ—Å—Ç–æ –æ–Ω –ª—é–±–∏—Ç
–í—Å—ë –¥–µ–ª–∞—Ç—å –∏–Ω–∞—á–µ!",1
–í–∞–Ω—á–æ,–ò—Å–ª–∞–º,"–ü—Ä–∏—Å–ª–∞–Ω –ø—Ä–æ—Ä–æ–∫—É –±—ã–ª –ò—Å–ª–∞–º.
–ü–æ—Ç–æ–º –∞—Ä–∞–±—ã –∏–∑–æ–±—Ä–µ–ª–∏ —á–∏—Å–ª–∞.",1
–ú–∞–∫—Å–∏–º,–í–∞–Ω—á–æ,"–ß—Ç–æ –º–Ω–µ –≤–∑—è—Ç—å —Å –í–∞–Ω—á–æ?
–¢–∞—Ä–µ–ª–∫—É –∫–∞—Ä–ø–∞—á—á–æ!",1
–í–∞–Ω—á–æ,–ö–ª–∏–∫–∫–ª–∞–∫,"–†–∞–¥—É—é—Ç –ª—é–¥–µ–π –≤–∏–¥–æ—Å—ã –ö–ª–∏–∫–ö–ª–∞–∫!
–ì–æ—Ç–æ–≤—ã —Å–º–æ—Ç—Ä–µ—Ç—å —Ü–µ–ª—ã–π –¥–µ–Ω—å –ø—Ä–æ—Å—Ç–æ —Ç–∞–∫!",1
–í–∞–Ω—á–æ,–î–µ–Ω–∏—Å,"–ï—Å–ª–∏ —Å—Ö–µ–º—ã –º—É—Ç–∏—Ç—å –∑–æ–≤—ë—Ç –û–ª–µ–≥ ‚Äì –Ω–µ –≤–µ–¥–∏—Å—å.
–°–∞–º—ã–π –Ω–∞–¥–µ–∂–Ω—ã–π —á–µ–ª–æ–≤–µ–∫ ‚Äì –î–µ–Ω–∏—Å.",2
–í–∞–Ω—á–æ,–í–∞–Ω—á–æ,"–ï–¥–µ—Ç —Ñ–µ—Ä–º–µ—Ä –≥–æ—Ä–¥–æ –Ω–∞ —Ä–∞–Ω—á–æ.
–ù–∞–¥–µ–Ω–µ—Ç —Ç–∞–º –ø–∞–Ω—á–æ, –≥–ª—è–Ω–µ—Ç –∂—É—Ä–Ω–∞–ª—å—á–∏–∫.
–ò —Ç–∞–º –Ω–∞ –ø–µ—Ä–≤–æ–π —Å—Ç—Ä–∞–Ω–∏—Ü–µ ‚Äì –í–∞–Ω—á–æ.
¬´–ö—Ä–∞—Å–∞–≤–∞¬ª –ø–æ–¥—É–º–∞–µ—Ç –æ–Ω, –Ω–µ –∏–Ω–∞—á–µ!",1
–í–∞–Ω—á–æ,–ò—Å–ª–∞–º,"–ù–∞ –∫–æ–Ω—Ü–µ—Ä—Ç–∞—Ö –≥—Ä–µ–º–∏—Ç —Å–ª—ç–º,
–ù–æ –∫—Ç–æ-—Ç–æ –æ—Ç –≤—Å–µ–≥–æ —É—Å—Ç–∞–ª.
–ü–æ–º–∞—Ö–∞–ª —Ä—É–∫–æ—é –≤—Å–µ–º,
–ò–∑—É—á–∞—Ç—å —Å–µ–ª –ò—Å–ª–∞–º.",1
–í–∞–Ω—á–æ,–ö–ª–∏–∫–∫–ª–∞–∫,"–Ø –≤–ª–∏–ø —Ç–∞–∫ –≤ –∫–∞–Ω–∞–ª –ö–ª–∏–∫–ö–ª–∞–∫,
–í—Å—ë –ø–æ–∫–ª–∏–∫–∞–ª, –ª–∞–π–∫ —ç—Ç–∏–º —Ç–∏–ø–∞–º!",2
–í–∞–Ω—á–æ,–ì–∞–Ω–≥—Å—Ç–µ—Ä,"–†–æ–¥–∏—Ç—å—Å—è –Ω–µ –≤ 1930—Ö ‚Äî –Ω—É —á—Ç–æ –∑–∞ —Å—á–∞—Å—Ç—å–µ?
–¢–æ–≥–¥–∞ –ø—Ä–æ–±–ª–µ–º –± –¥–æ—Å—Ç–∞–≤–∏–ª –º–Ω–µ –∫–∞–∫–æ–π-–Ω–∏–±—É–¥—å –≥–∞–Ω–≥—Å—Ç–µ—Ä!",3
–í–∞–Ω—á–æ,–î–µ–Ω–∏—Å,"–°—Ä–µ–¥–∏ –≤—Å–µ—Ö –ø–∞—Ä–Ω–µ–π –∞–∂ —Å–≤–µ—Ç–∏—Ç—Å—è ‚Äî
–ù—É, –∞—Ä—Ç–∏—Å—Ç!
–î–∞, –º–æ–∂–µ—Ç –≤–∞–º –∏ –Ω–µ –≤–µ—Ä–∏—Ç—Å—è,
–ù–æ —ç—Ç–æ —Å–∞–º –î–µ–Ω–∏—Å!",4
–í–∞–Ω—á–æ,–ü–∞–Ω—á–ª–∞–π–Ω,"–ü—Ä–∏—à–µ–ª –Ω–∞ –æ–±–µ–¥,
–ü–µ—Ä–µ—Å–µ–∫ –¥–Ω—è Lunch Line.
–•–æ—Ä–æ—à–∏–π —Å–µ—Ç–∞–ø,
–û—á–µ–Ω—å –∂–¥—É –ø–∞–Ω—á–ª–∞–π–Ω!",5
–í–∞–Ω—á–æ,–†–µ–∫–æ–Ω—Å—Ç—Ä—É–∫—Ü–∏—è,"–ù–∏ –±—ç, –Ω–∏ –º—ç, —Ç–µ–ª–∞
–ö–æ–Ω—Å—Ç–∏—Ç—É—Ü–∏—è –∫—É—Ü–∞—è‚Ä¶
–†–∞–∑ —Ç–∞–∫–æ–µ –¥–µ–ª–æ, —Ç—É—Ç
–ù—É–∂–Ω–∞ —Ä–µ–∫–æ–Ω—Å—Ç—Ä—É–∫—Ü–∏—è!",6
–í–∞–Ω—á–æ,–£—Ä–æ–∂–∞–π,"–¢—ã –º–Ω–µ –Ω–µ —É–≥—Ä–æ–∂–∞–π,
–ò–Ω–∞—á–µ —Å–¥–æ—Ö–Ω–µ—Ç —É—Ä–æ–∂–∞–π!",1
–í–∞–Ω—á–æ,–ì–∞–Ω–≥—Å—Ç–µ—Ä,"–°–∫—Ä—ã—Ç—å –±—ã –≤—Å–µ —Å–µ–∫—Ä–µ—Ç—ã –≤ —Å–∫–ª–µ–ø,
–£–∫—É—Ç–∞—Ç—å—Å—è –≤ –ø–∞–Ω—Ü–∏—Ä—å.
–ß—Ç–æ–±—ã –º–æ–≥ —Å–∫–∞–∑–∞—Ç—å ¬´–Ω–µ—Ç¬ª,
–ï—Å–ª–∏ –ø—Ä–∏—Å—Ç–∞–Ω–µ—Ç –≥–∞–Ω–≥—Å—Ç–µ—Ä.",2
–í–∞–Ω—á–æ,–ü–∞–Ω—á–ª–∞–π–Ω,"–†—ç–ø–µ—Ä –¥–æ–ª–≥–æ —Å–∏–¥–µ–ª ‚Äî
–°—Ç—Ä–æ—á–∏–ª –ø–∞–Ω—á–ª–∞–π–Ω.
–í—Å—ë –ø—Ä–æ—à–ª–æ very well,
–í—Å–µ —Ö–ª–æ–ø–∞–ª–∏ –æ–Ω–ª–∞–π–Ω.",3
–í–∞–Ω—á–æ,–ì–∞–Ω–≥—Å—Ç–µ—Ä,"–ó–∞ –î–∂–æ–Ω–Ω–∏ –î –¥–æ–ª–≥–æ –≥–æ–Ω—è–ª–∏—Å—å –≤–ª–∞—Å—Ç–∏ ‚Äî
–¢–∞–∫–æ–≤–∞ —Ç–≤–æ—è —Å—É–¥—å–±–∞ –∫–æ–≥–¥–∞ —Ç—ã number one –≥–∞–Ω—Å—Ç–µ—Ä.",4
–í–∞–Ω—á–æ,–ò—Å–ª–∞–º,"–ü–∞—É–∑–∞ –≤ –≤–æ–∑–¥—É—Ö–µ –ø–æ–≤–∏—Å–ª–∞‚Ä¶
–ö—Ç–æ-—Ç–æ –ø–æ—à—É—Ç–∏–ª –ø—Ä–æ –ò—Å–ª–∞–º‚Ä¶",5
–í–∞–Ω—á–æ,–£—Ä–æ–∂–∞–π,"–£—Å—Ç–∞–ª –æ—Ç –∫–∏—á–∞ –∏ –∫—É—Ä–∞–∂–∞.
–ó–∞–∫—Ä–æ—é –ª–∏—á–∫—É, –ø–æ—Å–µ—é —É—Ä–æ–∂–∞–π.",6
–í–∞–Ω—á–æ,–®–∞–º–∞–Ω,"–°—Ç—Ä–∞–Ω–Ω—ã–π –æ–±—Ä—è–¥ –ø—Ä–æ–≤–æ–¥–∏—Ç –®–∞–º–∞–Ω ‚Äî
–í—Å—ë —Ö–æ–¥–∏—Ç –∫—Ä—É–≥–∞–º–∏ –æ–Ω —Ç—É—Ç –∏ —Ç–∞–º.",7
–í–∞–Ω—á–æ,–°–ø–µ–∫—Ç–∞–∫–ª—å,"–£ —Ü–µ—Ä–∫–≤–∏ —Å–∏–¥–µ–ª –¥–µ–¥, –ø–ª–∞–∫–∞–ª—å.
–û–∫–∞–∑–∞–ª–æ—Å—å ‚Äì –ø–æ–¥ –ø—Ä–∏–∫—Ä—ã—Ç–∏–µ–º
–∏ —ç—Ç–æ –≤—Å—ë —Å–ø–µ–∫—Ç–∞–ª—å!",1
–í–∞–Ω—á–æ,–ì–∞–∑–µ—Ç–∞,"–°—Ç—Ä–∞–Ω–Ω—ã–π –∑–∞–ø–∞—Ö –≤ –¥–æ–º–µ...
–ü–æ–¥—É–º–∞–ª ‚Äì –≥–∞–∑ —ç—Ç–æ?
–•–æ—Ä–æ—à–æ, —á—Ç–æ –∑–∞–º–µ—Ç–∏–ª –≤–æ–≤—Ä–µ–º—è,
–ò–Ω–∞—á–µ –∑–∞–≤—Ç—Ä–∞ –±—ã–ª –±—ã –≤ –≥–∞–∑–µ—Ç–∞—Ö!",1
–í–∞–Ω—á–æ,–í–∫—É—Å–Ω–æ—Ç–∞,"–í –≥–æ—Ä–æ–¥–µ –±—ã–≤–∞–µ—Ç —Ç–µ—Å–Ω–æ, –Ω–æ —Å–∞–º–∞—è –≤–∫—É—Å–Ω–æ—Ç–∞
–ü—Ä–∏—Ö–æ–¥–∏—Ç, –∫–æ–≥–¥–∞ –ø–æ—Å–ª–µ –∑–∞–∫–∞—Ç–∞ –Ω–∞—Å—Ç—É–ø–∞–µ—Ç —Ç–µ–º–Ω–æ—Ç–∞",1
–í–∞–Ω—á–æ,–ö—Ä–æ–≤—å,–í–Ω–æ–≤—å –∏ –≤–Ω–æ–≤—å –≤—Å–ø–æ–º–∏–Ω–∞—é –∫—Ä–æ–≤—å,1
–í–∞–Ω—á–æ,–°–∞–¥,"–ï—Å–ª–∏ –Ω–∞ –¥—É—à–µ –≥—Ä—É—Å—Ç—å, –ø–µ—á–∞–ª—å –∏ –¥–æ—Å–∞–¥–∞ ‚Äì
–î–æ–º–∞ –Ω–µ —Å–∏–¥–∏, –ø—Ä–æ–≥—É–ª—è–π—Å—è –¥–æ —Å–∞–¥–∞.",1
–í–∞–Ω—á–æ,–ó–≤–µ–∑–¥—ã,"–ù–æ—á—å –Ω–∞ –¥–≤–æ—Ä–µ, —Ç–∏—Ö–æ —Å–ø—è—Ç –ø—Ç–∏—Ü—ã –≤ –≥–Ω—ë–∑–¥–∞—Ö.
–ù–∞ —Å—Ç—Ä–∞–∂–µ –Ω–∞—à–∏—Ö —Å–Ω–æ–≤ —Å–≤–µ—Ç—è—Ç –≤ –Ω–µ–±–µ –∑–≤—ë–∑–¥—ã.",1
–í–∞–Ω—á–æ,–ü–∞–Ω—á–ª–∞–π–Ω,"–ü—Ä–∏—à–µ–ª –Ω–∞ –æ–±–µ–¥. –ü–æ–≤–∞—Ä, –ª–∞–Ω—á –¥–∞–π!
–•–æ—á—É –≤–∫—É—Å–Ω–æ –ø–æ–∫—É—à–∞—Ç—å ‚Äì —ç—Ç–æ –ø–∞–Ω—á–ª–∞–π–Ω!",1
–í–∞–Ω—á–æ,–†—ã–±–∞,"–ó–∞—á–µ–º –º–µ–Ω—è –≤—Å—ë –¥–µ—Ç—Å—Ç–≤–æ —Ç–∞–∫ –∫–æ—Ä–º–∏–ª–∞ —Ç—ã, –ë–∞?
–¢–µ–ø–µ—Ä—å –º–Ω–µ –∂–∏—Ç—å –Ω–µ –ø—Ä–æ—â–µ, –Ω–µ –≤ –≤–æ–¥–µ –∫–∞–∫ —Ä—ã–±–∞!",1
–í–∞–Ω—á–æ,–ö—Ä—ã–ª—å—è,"–ì–æ—Å—Ç–∏ –ø—Ä–∏—à–ª–∏, –¥–ª—è –Ω–∏—Ö —Å—Ç–æ–ª –Ω–∞–∫—Ä—ã–ª —è.
–í –º–µ–Ω—é ‚Äì  –æ—Ç –∫—É—Ä–∏—Ü—ã –Ω–æ–≥–∏ –∏ –∫—Ä—ã–ª—å—è.",1
–í–∞–Ω—á–æ,–Ø–±–ª–æ–∫–æ,"–í—ã—Ö–æ–∂—É —è –Ω–∞ –±–ª–æ–∫ ‚Äì –û!
–ù–∞—Ä–æ–¥—É –º–Ω–æ–≥–æ, –Ω–µ —É–ø–∞–¥—ë—Ç —è–±–ª–æ–∫–æ!",1
–í–∞–Ω—á–æ,–ü–æ–ª–Ω–æ—á—å,"–Ø –±—ã —Å–¥–µ–ª–∞—Ç—å –º–Ω–æ–≥–æ–µ –º–æ–≥ –±—ã —Å–º–æ—á—å...
–ù–æ –ø–æ—Ä–∞ —É–∂–µ —Å–ø–∞—Ç—å ‚Äì —Ç–∞–º –ø–æ–ª–Ω–æ—á—å.",1
–í–∞–Ω—á–æ,–†–µ–∫–æ–Ω—Å—Ç—Ä—É–∫—Ü–∏—è,"–í –≥–µ—Ç—Ç–æ –∏–∑–º–µ—Ä—è—é—Ç —Å—Ç–∞—Ñ—Ñ–∞ –≤–µ—Å –≤ —É–Ω—Ü–∏—è—Ö.
–°–∫—Ä—É—Ç—è—Ç –¥–∂–æ–∏–Ω—Ç ‚Äì —Å–≤–æ–±–æ–¥—ã —Ä–µ–∫–æ–Ω—Å—Ç—Ä—É–∫—Ü–∏—è.",1
–í–∞–Ω—á–æ,–ü–æ—Å—Ç–µ–ª—å,"–í—ã—à–µ–ª –≤ –ª–µ—Å, —Å–¥–µ–ª–∞–ª –ø–æ—Å—Ç: ¬´–ï–ª—å¬ª.
–ü–ª–∞–Ω –ø–æ –∫–æ–Ω–µ–Ω—Ç—É –≤—ã–ø–æ–ª–Ω–µ–Ω, –ø–æ—Ä–∞ –≤ –ø–æ—Å—Ç–µ–ª—å.",1
–í–∞–Ω—á–æ,–†–µ–∫–æ–Ω—Å—Ç—Ä—É–∫—Ü–∏—è,"–ò–∑ —Å–µ—Ä–∏–∞–ª–∞ –¥–æ–∫—Ç–æ—Ä –•–∞—É—Å —É–∑–Ω–∞–ª —Å–ª–æ–≤–æ –ø—É–Ω–∫—Ü–∏—è.
–¢–µ–ø–µ—Ä—å –≤–æ—Ç –µ–≥–æ –∑–∞—Ä–∏—Ñ–º—É—é –Ω–∞ —Å–ª–æ–≤–æ —Ä–µ–∫–æ–Ω—Å—Ç—Ä—É–∫—Ü–∏—è.",1
–í–∞–Ω—á–æ,–°–æ–ª—å,"–ù–µ –¥–µ–ª—é –Ω–∞ –Ω–æ–ª—å, –≤–∫—É—Å–∏–ª –∂–∏–∑–Ω–∏ —Å–æ–ª—å!",1
–í–∞–Ω—á–æ,–ì–æ–¥,"–ë—ã—Å—Ç—Ä–µ–π –∏–¥–µ—Ç –∂–∏–∑–Ω—å, –∫–æ–≥–¥–∞ —Ç—ã ‚Äì –∫–æ—Ç.
–£ —Ç–µ–±—è —Ç—Ä–∏ —Å—Ä–∞–∑—É, –∞ —É —Ö–æ–∑—è–∏–Ω–∞ ‚Äì –≥–æ–¥.",2
–í–∞–Ω—á–æ,–Ø–±–ª–æ–∫–æ,"–ò–≥—Ä–∞–ª –≤ Street Fighter. –ù–∞—á–∏—Å—Ç–∏–ª –µ–±–ª–æ ‚Äì –ö.–û.
–ë—ã–ª–æ —Ç–∞–∫–∂–µ –ø—Ä–æ—Å—Ç–æ, –∫–∞–∫ —Å—ä–µ—Å—Ç—å —è–±–ª–æ–∫–æ.",3
–í–∞–Ω—á–æ,–ö—É—Å—Ç,"–ò–≥—Ä–∞–ª –≤ –ú–æ—Ä—Ç–∞–ª –ö–æ–º–±–∞—Ç. –£–¥–∞—Ä. X-ray. –•—Ä—É—Å—Ç.
–í—Ä–∞–≥–∏ –≤—Å—ë –æ–ø–∞–¥–∞—é—Ç, –∫–∞–∫ –æ—Å–µ–Ω–Ω–∏–π –∫—É—Å—Ç.",4
–í–∞–Ω—á–æ,–£—Ç—Ä–æ,"–ï—Å–ª–∏ —Ä–∞–Ω–æ –≤—Å—Ç–∞—é ‚Äì –≤–æ –≤—Å—é –Ω–æ–µ—Ç –Ω—É—Ç—Ä–æ.
–¢–µ—Ä–ø–µ—Ç—å –Ω–µ –º–æ–≥—É —Ä–∞–Ω–Ω–µ–µ —É—Ç—Ä–æ.",5
–í–∞–Ω—á–æ,–ì–æ–¥,"–ü–æ–º–Ω—é 2000-—ã–π –≥–æ–¥, –ø–µ—Ä–≤—ã–π –∫–ª–∞—Å—Å –≤ —à–∫–æ–ª–µ.
–ü—å—é –≤ —Å—Ç–æ–ª–æ–≤–∫–µ –∫–æ–º–ø–æ—Ç, –≥—Ä—É—â—É, —á—Ç–æ –Ω–µ –Ω–∞ –≤–æ–ª–µ.",6
Vladimir,–°–æ–ª—å,"–ü–∏—Ç–µ—Ä —Å–æ–¥–µ—Ä–∂–∏—Ç –±–æ–ª—å
–í –æ–¥–Ω–æ–º —Ç–æ–ª—å–∫–æ —Å–ª–æ–≤–µ —Å–æ–ª—å",1
–í–∞–Ω—á–æ,–ù–µ—Ç,"–ü–æ–º–Ω—é 2000-—ã–π –≥–æ–¥, –≤–ø–µ—Ä–≤—ã–µ –≤–∏–∂—É –∏–Ω—Ç–µ—Ä–Ω–µ—Ç.
–°–∫–æ—Ä–æ—Å—Ç—å 28 –∫–±–∏—Ç/—Å–µ–∫, –∞ –±—ã—Å—Ç—Ä–µ–π –µ—â–µ –Ω–µ—Ç",7
–í–∞–Ω—á–æ,–î–µ–Ω—å,"–ü–æ–º–Ω—é –¥–µ–Ω—å, –∫–æ–≥–¥–∞ —Å–µ–±—è —á—É—è–ª –∫–∞–∫ –æ–ª–µ–Ω—å.
–†–∞—Å—Å–∫–∞–∑–∞–ª —Å–µ–∫—Ä–µ—Ç –∏ –ø–æ–ª—É—á–∏–ª –ø–∏–∑–¥—é–ª–µ–π!",8
–í–∞–Ω—á–æ,–ó–≤–µ–∑–¥—ã,"–ì–æ—Ä–æ–¥. –ù–æ—á–Ω–æ–µ –Ω–µ–±–æ, –Ω–æ –Ω–µ –≤–∏–¥–Ω–æ –∑–≤–µ–∑–¥—ã.
–í–æ—Ç –ø–æ–µ—Ö–∞—Ç—å –±—ã –≤ –¥–µ—Ä–µ–≤–Ω—é, –Ω–µ–±–æ —Ç–∞–º –ø–æ –ì–û–°–¢—É.",9
–ò—Å–ª–∞–º,–õ–µ—Å,"–£ –ö–∏–®–∞ –µ—Å—Ç—å –ø–µ—Å–Ω—è, –ø—É—Ç–Ω–∏–∫ –∑–∞—à–µ–ª –≤ –ª–µ—Å.
–ê –ø–æ—Ç–æ–º ‚Äì —Ö–µ—Ä–∞–∫—Å –∏ –≤ –∫–æ—Ç–µ–ª –≤–ª–µ–∑",6
–í–∞–Ω—á–æ,–ú–∞–∫,"–£ —à–æ—Ç–ª–∞–Ω–¥—Ü–µ–≤ –≤ —Ñ–∞–º–∏–ª–∏–∏ —á–∞—Å—Ç–æ –ú–∞–∫.
–ú–æ–∂–µ—Ç –†–æ–Ω–∞–ª—å–¥ –ú–∞–∫–¥–æ–Ω–∞–ª—å–¥ ‚Äì –≥–æ—Ä–µ—Ü?!
What the fuck?",10
Vladimir,–í–¥–æ—Ö–Ω–æ–≤–µ–Ω–∏–µ,"–ú–Ω–µ –±—ã —á—É—Ç–æ–∫ –≤–¥–æ—Ö–Ω–æ–≤–µ–Ω–∏—è, —Ö–æ—Ç—è –± –µ–≥–æ –¥—É–Ω–æ–≤–µ–Ω–∏—è",2
–í–∞–Ω—á–æ,–Ø–∑—ã–∫,"–ö–æ—Ä—Ä—É–º–ø–∏—Ä–æ–≤–∞–Ω–∞ —Ü–µ—Ä–∫–æ–≤—å. –ò–∑ –ø–æ–¥ —Ä—è—Å ‚Äì –ª—ã–∫.
–ó–∞–≤–µ–ª –Ω–∞ –¥–æ—Ä–æ–≥—É –Ω–µ–¥–æ–±—Ä—É—é –∏—Ö ¬´—Å–≤—è—Ç–æ–π¬ª —è–∑—ã–∫.",11
–ò—Å–ª–∞–º,–†—ã–±–∞,"–ê–∫–≤–∞–º—ç–Ω –æ–¥–∏–Ω–æ–∫, –µ–≥–æ –ª—É—á—à–∏–π –¥—Ä—É–≥ —ç—Ç–æ —Ä—ã–±–∞.
–û–Ω–∞ –º–æ–ª—á–∏—Ç –∏ –º–æ–ª—á–∏—Ç... –ê–∫–≤–∞–º—ç–Ω—É —Ç–æ—Å–∫–ª–∏–≤–æ(",7
–í–∞–Ω—á–æ,–°–æ–ª—å,"–ü—É–∫–∞–ª –≤—Å—é –Ω–æ—á—å, –≤–µ–¥—å –∑–∞—Ö–∞–≤–∞–ª —Ñ–∞—Å–æ–ª—å.
–ü–æ–ø–æ–π —Å—ã–≥—Ä–∞–ª –≤—Å–µ –Ω–æ—Ç—ã ‚Äì –¥–æ, —Ä–µ, –º–∏, —Ñ–∞, —Å–æ–ª—å!",12
–í–∞–Ω—á–æ,–°–≤–µ—Ç,"–ü–æ—Å–ª–µ —Ç–µ–º–Ω–æ—Ç—ã –≤—Å–µ–≥–¥–∞ –ø—Ä–∏—Ö–æ–¥–∏—Ç —Å–≤–µ—Ç.
–í–∞–∂–Ω–æ, –∫—Ç–æ –µ—Å—Ç—å —Ç—ã. –í–Ω—É—Ç—Ä–∏ —Ç–µ–±—è –µ—Å—Ç—å –æ—Ç–≤–µ—Ç!",13
–í–∞–Ω—á–æ,–ì–∞–Ω–≥—Å—Ç–µ—Ä,"–í–æ –¥–≤–æ—Ä–µ –ø–æ–ø–∞–ª–∏ –ø—É–ª—å–∫–æ–π, –¥–∞ —è —Ä–µ–∞–ª –≥–∞–Ω–≥—Å—Ç–µ—Ä.
–ú–∞–º–∞ —Ç–∏—Ö–æ –ø–æ–∂–∞–ª–µ–ª–∞ –∏ –Ω–∞–∫–ª–µ–∏–ª–∞ –ø–ª–∞—Å—Ç—ã—Ä—å.",14
–ò—Å–ª–∞–º,–í–∞–Ω—á–æ,"–ë—ã–ª –Ω–∞ –∫–æ–Ω—Ü–µ—Ä—Ç–µ –°–æ–≤–µ—Ä–≥–æ–Ω–∞, –≤—Ç–æ—Ä—ã–µ —ç—Ç–∞–∂–∏. –ú–∞–ª—å—á–∏–∫
–ò–∑ –≤–∏–ø–∞ –∫—Ä–∏—á–∏—Ç: ¬´–õ–ï–ì–ï–ù–î–ê, –≠–¢–û –ñ–ï –í–ê–ù–ß–û¬ª,10
–í–∞–Ω—á–æ,–¢—Ä–∞–≤–∞,"–í –ø—Ä–æ—à–ª–æ–º –≤—Å–µ–≥–¥–∞ –±—ã–ª–∞ –∑–µ–ª–µ–Ω–µ–π —Ç—Ä–∞–≤–∞.
–ò –∫ —Ö–æ–ª–æ–¥–Ω–æ–π –∑–∏–º–µ –∑–∞—Ä–∞–Ω–µ–µ –Ω–∞–¥–æ –≥–æ—Ç–æ–≤–∏—Ç—å –¥—Ä–æ–≤–∞.",15
–í–∞–Ω—á–æ,–°–Ω–µ–≥,"–ë—ã–ª–∏ –±—ã –±–∞–±–∫–∏ ‚Äì –∫—É–ø–∏–ª –± —Å–µ–±–µ —Å–Ω—ç–∫.
–ù–æ –≤–µ—Ç–µ—Ä –ª–∏—à—å –≤ –∫–∞—Ä–º–∞–Ω–µ ‚Äì –ø–æ—Ö–∞–≤–∞—é —Å–Ω–µ–≥.",16
–í–∞–Ω—á–æ,–ü–∞—Å—Ç–µ–ª—å,"–ò–≥—Ä–∞–µ–º –≤ —Ñ—É—Ç–±–æ–ª, –¥–µ—Å—è—Ç–∫–∏ –ø–µ—Ä–µ–¥–∞—é—Ç –ø–∞—Å —Ç–µ–ª.
–ü–æ–∫–∞ –Ω–∞ –ø–æ–ª–µ –≤—Å—ë —Å–ø–æ–∫–æ–π–Ω–æ, –±—É–¥—Ç–æ —Ü–≤–µ—Ç–∞ –ø–∞—Å—Ç–µ–ª—å.",17
–í–∞–Ω—á–æ,–†–µ–∫–æ–Ω—Å—Ç—Ä—É–∫—Ü–∏—è,"–ï—Å–ª–∏ –≤ –∂–∏–∑–Ω–∏ –∫—Ä–∏–∑–∏—Å, –æ–±—Ä–∞–∑–∞ –¥–µ–∫–æ–Ω—Å—Ç—Ä—É–∫—Ü–∏—è,
–ù—É–∂–Ω–æ —Å–¥–µ–ª–∞—Ç—å –±–∏–∑–Ω–µ—Å. –≠—Ç–æ ‚Äì —Ä–µ–∫–æ–Ω—Å—Ç—Ä—É–∫—Ü–∏—è.",18
–ò—Å–ª–∞–º,–°–∞–¥,"–í–µ—Ç–µ—Ä –≤ –∫–∞—Ä–º–∞–Ω–µ –Ω–µ –º–µ—à–∞–µ—Ç —Å—Ç–∏–ª—å–Ω–æ –æ–¥–µ—Ç—å—Å—è.
–í—ã –Ω–∞ —Ñ–æ–Ω–µ –ø—Ä–æ—Å—Ç–æ –¥–µ—Ç—Å–∞–¥.",12
–ò—Å–ª–∞–º,–ö—Ä–æ–≤—å,"–†–∏—Ñ–º—ã ‚Äì –º–æ—è –∫—Ä–æ–≤—å. 
–†–µ–ø ‚Äì –º–æ—è –ª—é–±–æ–≤—å",13
Vladimir,–î–æ–∂–¥—å,"–î–æ–∂–¥—å –∫–∞–ø–∞–µ—Ç —Å –∫—Ä—ã—à, 
–Ø –æ–¥–∏–Ω–æ–∫–æ –ª–∞—Å–∫–∞—é –º—ã—à—å. 
–≠—Ç–æ –Ω–µ —Å—Ç—Ä–∞–Ω–Ω–æ, —Å–ª—ã—à—å?
–ó–∞–∫—Ä–æ–π –¥–≤–µ—Ä—å! –ü–æ—à–ª–∏ –≤–æ–Ω, –∫—ã—à!",4
–í–∞–Ω—á–æ,–ü—Ä–∏–∫–æ–ª,"–õ—é–±–∏–ª –ò–≤–∞–Ω –ì—Ä–æ–∑–Ω—ã–π –≤–æ –¥–≤–æ—Ä–µ –ø–æ—Å—Ç–∞–≤–∏—Ç—å –∫–æ–ª
–ò –Ω–∞—Å–∞–¥–∏—Ç—å —Ç—É–¥–∞ –µ—Ä–µ—Ç–∏–∫–æ–≤ ‚Äì —Ç–∞–∫–æ–π –≤–æ—Ç –ø—Ä–∏–∫–æ–ª!",19
–ò—Å–ª–∞–º,–ü–∞–Ω—á–ª–∞–π–Ω,"–ú–Ω–µ –±—ã –≤—ã–ø–∏—Ç—å, –Ω–µ —Ö–æ—á—É –ø–∞–Ω—á–ª–∞–π–Ω.
–ë–∞—Ä–º–µ–Ω, –¥–æ—Ä–æ–≥–æ–π, –∫–∏–Ω—å –≤ —Å—Ç–∞–∫–∞–Ω—á–∏–∫ –ª–∞–π–º",15
–í–∞–Ω—á–æ,–ì–∞–Ω–≥—Å—Ç–µ—Ä,"–•–æ—Ä–æ—à–æ –∂–∏–ª–æ—Å—å –≤ 30-—Ö, –≤—Å–µ —Ö–æ–¥–∏–ª–∏ –Ω–∞ —Ç–∞–Ω—Ü—ã.
–ù–æ –º–æ–≥–ª–æ –∫–æ–Ω—á–∏—Ç—å—Å—è –ø–µ—á–∞–ª—å–Ω–æ, –µ—Å–ª–∏ –∑–∞—Å—Ç—Ä–µ–ª–∏—Ç –≥–∞–Ω—Å—Ç–µ—Ä.",20
–í–∞–Ω—á–æ,–í–∫—É—Å–Ω–æ—Ç–∞,"–ú–æ—Ü–∞—Ä—Ç—É —Å –¥–µ—Ç—Å—Ç–≤–∞ –ø—Ä–∏–≤–∏–≤–∞–ª–∏ –≤–∫—É—Å –∫ –Ω–æ—Ç–∞–º.
–û–Ω –ø–æ–¥—Ä–æ—Å –∏ –µ–≥–æ —Ç—Ä–µ–∫–∏ —Ç–µ–ø–µ—Ä—å ‚Äì –≤–∫—É—Å–Ω–æ—Ç–∞.",21
–í–∞–Ω—á–æ,–ì–æ–¥,"–Ø –æ—Ç—Å—Ç–∞–ª –æ—Ç –≤—Ä–µ–º–µ–Ω–∏ ‚Äì –∫—Ä—É—á—É —Å–ø–∏–Ω–Ω–µ—Ä, –∫—Ä–∏—á—É SWAG.
–ê –ø–æ–¥ –æ–∫–Ω–∞–º–∏ –º–æ–∏–º–∏ ‚Äì –ø—Ä–æ—à–ª–æ–≥–æ–¥–Ω–∏–π —Å–Ω–µ–≥.",22
–í–∞–Ω—á–æ,–í–µ—Ç–µ—Ä,"–ò—Å—Ç–æ—Ä–∏—è –¥–ª–∏–Ω–Ω–∞—è, –º–Ω–æ–≥–æ –±—ã–ª–æ –≤–µ–¥—å —ç—Ä.
–ù–æ –Ω–µ–∏–∑–º–µ–Ω–Ω–æ –≤—Å–µ–≥–¥–∞ –ø–æ –ó–µ–º–ª–µ –≥—É–ª—è–µ—Ç –≤–µ—Ç–µ—Ä.",23
Trin,–ù–æ—Å,"–≠—Ç–∞ –∏—Å—Ç–æ—Ä–∏—è –Ω–µ —Å–∏–ª—å–Ω–æ –¥–ª–∏–Ω–Ω–∞ ‚Äì
–ù–µ –µ–≤—Ä–µ—è –Ω–æ—Å.
–ï—Å–ª–∏ —Å –≤–µ—á–µ—Ä–∞ —Å—ä–µ–ª kfc ‚Äì
–ü–æ–ª—É—á–∞–π –ø–æ–Ω–æ—Å",1
–í–∞–Ω—á–æ,–õ–∏—Å—Ç,"–ï—Å–ª–∏ –∑–∞–ø–∞—á–∫–∞–ª –±—É–º–∞–≥—É ‚Äì –Ω–µ –≤—ã–∫–∏–¥—ã–≤–∞–π –ª–∏—Å—Ç, –æ–∫?
–í–¥—Ä—É–≥ –∑–∞—Ö–æ—á–µ—à—å –ø–æ–∫–∞–∫–∞—Ç—å ‚Äì –ø—Ä–∏–≥–æ–¥–∏—Ç—Å—è –ª–∏—Å—Ç–æ–∫",24
Trin,–ü–∞—Å—Ç–µ–ª—å,"–ß—Ç–æ –∑–∞ —Å—Ç—Ä–∞–Ω–Ω—ã–µ –ª—é–¥–∏ –≤–æ–∫—Ä—É–≥
–ö—Ç–æ –ª—é–±–∏—Ç ¬´–ú–∞–∂–∏—Ç–µ–ª—å¬ª
–ë–æ–ª—å–Ω—ã–µ —É–±–ª—é–¥–∫–∏ —Å–Ω—É—é—Ç!
–ê —è –µ–º –≤–æ—Å–∫–æ–≤—É—é –ø–∞—Å—Ç–µ–ª—åüòè",2
–í–∞–Ω—á–æ,–ü–∞–Ω—á–ª–∞–π–Ω,"–°–∏–¥–µ–ª–∏ –∑–∞–π—Ü—ã –≤ –ª–µ—Å—É, –¥—É–º–∞–ª–∏ –ø–∞–Ω—á–ª–∞–π–Ω.
¬´–ü–æ–π–¥—É-–∫–∞ –∏—Ö —Å–ø–∞—Å—É¬ª ‚Äì –ø–æ–¥—É–º–∞–ª –î–µ–¥ –ú–∞–∑–∞–π.",25
–í–∞–Ω—á–æ,–®–∞–º–∞–Ω,"–í –¥–µ—Ç—Å—Ç–≤–µ –∏–≥—Ä–∞–ª –≤–æ –¥–≤–æ—Ä–µ.
–ó–æ–≤—É—Ç –¥–æ–º–æ–π. ¬´–©–∞, –º–∞–º¬ª.
–í–æ—Ç –±—ã –æ—Å—Ç–∞–Ω–æ–≤–∏—Ç—å –≤—Ä–µ–º—è...
–ñ–∞–ª—å, —è –Ω–µ —à–∞–º–∞–Ω.",26
–ò—Å–ª–∞–º,–ö–ª–∏–∫–∫–ª–∞–∫,"–ù–µ —Å–º–æ—Ç—Ä—è –Ω–∞ –≥—Ä—É—Å—Ç—å, —á—Ç–æ –ª—å—ë—Ç –º–∏—Ä –Ω–∞–º,
–°–ø–∞—Å–∏–±–æ, —á—Ç–æ —Å–ø–∞—Å–∞–µ—Ç –æ—Ç –º—Ä–∞–∫–∞ –∫–∞–Ω–∞–ª –ö–ª–∏–∫–ö–ª–∞–∫",19
–í–∞–Ω—á–æ,–Ø–±–ª–æ–∫–æ,"–ù–µ –ª—é–±–ª—é –∏—Ö –µ—Å—Ç—å, –Ω–æ –ø—Ä—è–º —Å–∫–∞–∑–∞–ª: ¬´–û–≥–æ!¬ª
–ö–æ–≥–¥–∞ –≤–ø–µ—Ä–≤—ã–µ –ø–æ–ø—Ä–æ–±–æ–≤–∞–ª golden —è–±–ª–æ–∫–æ.",27
–ò—Å–ª–∞–º,–°–∞–¥,"–£ –Ω–∞—Å –º–Ω–æ–≥–æ —Ç—Ä–∞–≤—ã, —Ü–µ–ª—ã–π —Å–∞–¥ –¥–æ–º–∞:
–£—Å—Ç—Ä–æ–∏–ª–∏ 120 –¥–Ω–µ–π –°–æ–¥–æ–º–∞",20
–í–∞–Ω—á–æ,–£—Ä–æ–∂–∞–π,"–§–µ–π—Å —Ç–∞–∫ –±—ã–ª —Ä–∞–¥, –∫–æ–≥–¥–∞ –∑–∞–¥ —É –†–æ –∂–∞–ª.
–≠–Ω–¥–æ—Ä—Ñ–∏–Ω–æ–≤ —Å–ª–æ–≤–∏–ª —Ü–µ–ª—ã–π —É—Ä–æ–∂–∞–π.",28
–ò—Å–ª–∞–º,–í–µ—Ç–µ—Ä,"–ù–æ–≤—ã–µ –ø—Ä–æ–±–ª–µ–º—ã –∫–∞–∫ –ø—Ä–µ–≥—Ä–∞–¥—ã –≤—Å—Ç—Ä–µ—Ç–∏–ª ‚Äì
–†–∞–∑–≤–∏–≤–∞—é—Å—å –∫–∞–∫ —Ñ–ª–∞–≥, –≤–µ–¥—å –≤ –∫–∞—Ä–º–∞–Ω–∞—Ö –≤–µ—Ç–µ—Ä",21
–í–∞–Ω—á–æ,–ß–∞–π,"–ù–∞ —Ç–æ—Ä—Ä–µ–Ω—Ç–∞—Ö –≤—Å—ë –±–µ—Å–ø–ª–∞—Ç–Ω–æ, —Å–∫–æ–ª—å–∫–æ —Ö–æ—á–µ—à—å –∫–∞—á–∞–π.
–ñ–∞–ª—å, —Ç–∞–∫ –≤ –∂–∏–∑–Ω–∏ –Ω–µ –±—ã–≤–∞–µ—Ç –∏ –Ω–µ–ª—å–∑—è —Å–∫–∞—á–∞—Ç—å —á–∞–π üò≠",29
Vladimir,–ö—Ä–æ–≤—å,"–í—Ä–∞—á–∏ –Ω–µ –±–µ—Ä—É—Ç –º–æ—é –∫—Ä–æ–≤—å. 
–ì–æ–≤–æ—Ä—è—Ç –Ω–µ–¥–æ—Å—Ç–∞—Ç–æ–∫ —ç–ª–µ–º–µ–Ω—Ç–∞ - –ª—é–±–æ–≤—å",6
–í–∞–Ω—á–æ,–Ø–±–ª–æ–∫–æ,"–ü–æ–º–Ω—é —Å –ø–∞–ø–æ–π —Ö–æ–¥–∏–ª–∏ –≥–æ–ª–æ—Å–æ–≤–∞—Ç—å –∑–∞ ¬´–Ø–±–ª–æ–∫–æ¬ª...
–î—É—Ä–∞—Ü–∫–∏–π –Ø–≤–ª–∏–Ω—Å–∫–∏–π, –ø—Ä–æ—Å—Ä–∞–ª –≤—Å–µ —Å—Ç–∞–≤–∫–∏ –Ω–∞ –Ω–µ–≥–æ!",30
–í–∞–Ω—á–æ,–ñ–æ–ø–∞,"–§–∏–ª—å–º ¬´–ò–¥–∏–æ–∫—Ä–∞—Ç–∏—è¬ª. –ù–∞ —ç–∫—Ä–∞–Ω–µ ‚Äì –∂–æ–ø–∞.
–ì–¥–µ –±—ã –ø–æ—Å–º–æ—Ç—Ä–µ—Ç—å, —Å–º–µ—à–Ω–æ –±—ã–ª–æ —Ç–∞–∫–∂–µ —á—Ç–æ–±—ã?",31
–í–∞–Ω—á–æ,–ü—Ä–∏–∫–æ–ª,"–õ–µ—Ç–æ–º –∂–∞—Ä–∫–æ –Ω–∞ —É–ª–∏—Ü–µ, –≤—ã—à–µ–ª –≤ –º–∞–π–∫–µ –∏ —Ç—Ä–∏–∫–æ.
–ù–æ —Å –Ω–µ–±–∞ –≤–¥—Ä—É–≥ –ø–æ—Å—ã–ø–∞–ª –≥—Ä–∞–¥. –ú–µ—Ç–µ–æ-–ø—Ä–∏–∫–æ–ª.",32
–ò—Å–ª–∞–º,–†—ã–±–∞,"–ú–æ–π –ª—é–±–∏–º—ã–π –∑–∞–≤—Ç—Ä–∞–∫ —ç—Ç–æ ‚Äì —Ä—ã–±–∞. 
–ü–æ—Ç–æ–º—É —á—Ç–æ –Ω–µ—Ç –Ω–∏—á–µ –¥—Ä—É–≥–æ–≥–æ, –æ—Ç—Å—É—Ç—Å—Ç–≤—É–µ—Ç –≤—ã–±–æ—Ä",24
–í–∞–Ω—á–æ,–°–∞–¥,"–ï—Å–ª–∏ –≤–ª–µ–∑ –≤ —á—É–∂–æ–π —Å–∞–¥ ‚Äì
–ë—É–¥—å –≥–æ—Ç–æ–≤ —Å–ª–æ–≤–∏—Ç—å —Å–æ–ª–∏ –≤ –∑–∞–¥!",33
–ò—Å–ª–∞–º,–ü–æ—Å—Ç–µ–ª—å,"–í –º–µ—Å—è—Ü –†–∞–º–∞–¥–∞–Ω –ª–æ–∂—å —Å—Ç–µ–ª–∏–ª –∫–∞–∫ –ø–æ—Å—Ç–µ–ª—å. 
–î–µ–ª–∞–ª –≤–∏–¥, —á—Ç–æ –¥–µ—Ä–∂—É, –Ω–∞ —Å–∞–º–æ–º –¥–µ–ª–µ, –≤ –ø–æ—Å—Ç - –µ–ª",25
–í–∞–Ω—á–æ,–ü—Ä–∏–∫–æ–ª,"–¢—É—Ä–Ω–∏—Ä ¬´–ö–æ–∂–∞–Ω—ã–π –ú—è—á¬ª. –ì–µ–Ω–∞ —Ç—Ä–∏ —Ä–∞–∑–∞ –∑–∞–±–∏–ª –≥–æ–ª.
–≠—Ç–æ —Å–∏–ª–∞ ¬´–ë–µ–∑ –ë–∞–±¬ª. –¢–∞–∫–æ–π –≤–æ—Ç –¢–ù–¢-–ø—Ä–∏–∫–æ–ª.",34
–í–∞–Ω—á–æ,–£—Ä–æ–∂–∞–π,"–ú–∞–ª–æ –≥–¥–µ –±—ã–ª –≤ –†–æ—Å—Å–∏–∏. –ù–µ –ø–æ—Å–µ—Ç–∏–ª –ú—É—Ä–æ–º ‚Äì –∂–∞–ª—å.
–û–¥–Ω–∞–∂–¥—ã –ø–æ–µ–¥—É —Å —Ç—É—Ä–æ–º –∏ —Å–æ–±–µ—Ä—É –≤–µ—Å—å —É—Ä–æ–∂–∞–π!",35
–ò—Å–ª–∞–º,–°–æ–ª—å,"–î–æ—Ä–∞ - –ø—Ä–æ–¥—é—Å–µ—Ä—Å–∫–∏–π –ø—Ä–æ–µ–∫—Ç?
–ù–µ—Ç! –í –î–æ—Ä–µ –º–∏—Ñ–∞ –Ω–æ–ª—å. 
–û–Ω–∞ —Å–∞–º–∞ –ø–æ–µ—Ç –∏ –≤—ã—Å—Ç—É–ø–∞–µ—Ç
–¢–∏–ø–∞ –¥–æ —Ä–µ –º–∏ —Ñ–∞ —Å–æ–ª—å",26
–ò—Å–ª–∞–º,–£—Ä–æ–∂–∞–π,"–î–∞–≤–∞–ª–∫–∞ –∫–∞–∫-—Ç–æ —Å–æ–±—Ä–∞–ª–∞ –∏–∑ –º—É–∂–∏–∫–æ–≤ —É—Ä–æ–∂–∞–π.
–ó–∞–ª–µ—Ç–µ–ª–∞ —Å–ª—É—á–∞–π–Ω–æ, –º–∞–º–∞ —Ç–∞–∫–∞—è: ¬´–£—É—É, —Ä–æ–∂–∞–π!¬ª,27
Vladimir,–î–æ–º,"–Ø –∑–∞–ª–µ—Ç–∞—é –≤ —Ç–≤–æ–π –¥–æ–º 
–ß—Ç–æ–±—ã –æ—Ç–¥–∞—Ç—å –¥–µ—Å—è—Ç—å –°–æ–º, 
–ó–∞ —Ç—É –Ω–æ—á—å —Å —Ç–≤–æ–µ–π –º–æ–º... –û–π, 
–í–µ–¥—å —ç—Ç–æ –∞–ª–∏–º–µ–Ω—Ç—ã, —Ç—ã –º–æ–π –±–æ–π",7
–í–∞–Ω—á–æ,–Ø–±–ª–æ–∫–æ,"–ï—Å–ª–∏ —Å–∫–∞–∂—É—Ç –Ω–∞–∑–≤–∞—Ç—å most popular logo ‚Äì
–ú–Ω–æ–≥–∏–µ —Å—Ä–∞–∑—É –≤—Å–ø–æ–º–Ω—è—Ç Apple —è–±–ª–æ–∫–æ",36
–í–∞–Ω—á–æ,–ö–ª–∏–∫–∫–ª–∞–∫,"–ï—Å–ª–∏ –≤–∏–¥–µ–æ –≥—Ä—É—Å—Ç–Ω–æ–µ, —Ç–∞–∫–æ–π –∫–∞–Ω–∞–ª–æ–≤ —Ç–∏–ø ‚Äì –≤—Ä–∞–≥.
–ó–∞—Ç–æ –≤—Å–µ–≥–¥–∞ –≤–µ—Å–µ–ª—å–µ –µ—Å—Ç—å –Ω–∞ –∫–∞–Ω–∞–ª–µ –ö–ª–∏–∫–ö–ª–∞–∫!",37
–í–∞–Ω—á–æ,–®—Ç–æ—Ä–º,"–ü–æ–º–Ω—é –≤—Å–µ—Ö —Ö-–º–µ–Ω–æ–≤ ‚Äì –¶–∏–∫–ª–æ–ø, –ö—Å–∞–≤—å–µ, –®—Ç–æ—Ä–º.
–í–æ—Ç –±—ã –ø–æ–º–Ω–∏—Ç—å —Ç–∞–∫ —É—Ä–æ–∫–∏, –∫–æ–≥–¥–∞ —Ö–æ–¥–∏–ª –≤ —à–∫–æ–ª—É.",1
–í–∞–Ω—á–æ,–ß–∞–π,"–ú–æ–∂–Ω–æ –¥–µ–π—Å—Ç–≤–æ–≤–∞—Ç—å —Å–ª–æ–∂–Ω–æ ‚Äì –ø—Ä–∏ –±–æ–ª–µ–∑–Ω–∏ –≤—ã–∑–≤–∞—Ç—å –≤—Ä–∞—á–∞.
–ê –º–æ–∂–Ω–æ –∑–∞–±–∏—Ç—å –Ω–∞ –≤—Å—ë –∏ –ø—Ä–æ—Å—Ç–æ... –ø–æ–ø–∏—Ç—å —á–∞–π.",2
–í–∞–Ω—á–æ,–ö–æ–Ω–¥–∏—Ç–µ—Ä,"–¢–∞—Ä–∞—Å –ë—É–ª—å–±–∞ –±—ã–ª –∂–µ—Å—Ç–∫–∏–π, –ø–æ—Å—Ç–∞–≤–∏–ª –Ω–∞ –∫–æ–Ω –¥–∏—Ç—ë.
–õ—É—á—à–µ –± –±—É–ª–∫–∏ –æ–Ω –ø—ë–∫, —Å—Ç–∞–ª –± –∑–Ω–∞–º–µ–Ω–∏—Ç—ã–π –∫–æ–Ω–¥–∏—Ç–µ—Ä!",3
–í–∞–Ω—á–æ,–ñ–æ–ø–∞,"–ó–Ω–∞—é –Ω–µ–º–Ω–æ–≥–æ —Ñ—Ä–∞–Ω–∑—É—Å–∫–∏–π ‚Äì Je pa.
–ù–µ –∑–Ω–∞—é, —á—Ç–æ —ç—Ç–æ –∑–Ω–∞—á–∏—Ç, –Ω–æ –ø–æ—Ö–æ–∂–µ –Ω–∞ –∂–æ–ø–∞.",1
–í–∞–Ω—á–æ,–ü–æ–ª–∏—Ü–µ–π—Å–∫–∏–π,"–õ—ã—Å–∞—è –±–æ—à–∫–∞. –í—ã—à–µ–ª –≤ –ø–æ–ª–µ —Ü–µ–π —Å–∫–∏–Ω.
–ù–æ —Ä–µ–∑–∫–æ –æ–∫–∞–∑–∞–ª—Å—è –≤ –Ω–µ–≤–æ–ª–µ ‚Äì –ø–æ–π–º–∞–ª –ø–æ–ª–∏—Ü–µ–π—Å–∫–∏–π!",1
–í–∞–Ω—á–æ,–ü–æ–ª,"–°–º–æ—Ç—Ä–µ–ª —Ñ–∏–ª—å–º ‚Äì ¬´–ü–æ–ª. –°–µ–∫—Ä–µ—Ç–Ω—ã–π –ú–∞—Ç–µ—Ä–∏–∞–ª—å—á–∏–∫¬ª.
–ë—ã–ª–æ —Å–º–µ—à–Ω–æ, –Ω–æ —É–∂–µ –∑–∞–±—ã–ª, —á—Ç–æ —Ç–∞–º –±—ã–ª–æ –¥–∞–ª—å—à–µ.",2
–í–∞–Ω—á–æ,–í–∫—É—Å–Ω–æ—Ç–∞,"–ò–Ω–æ–≥–¥–∞ –±–æ–ª—å–Ω–æ –¥–µ–ª–∞–µ—Ç –∫–æ—Ç –∫—É—Å, –¥–∞...
–ù–æ –ø–æ—Ç–æ–º –∏–∑–≤–∏–Ω—è–µ—Ç—Å—è –∏ —ç—Ç–æ ‚Äì –≤–∫—É—Å–Ω–æ—Ç–∞!",3
–í–∞–Ω—á–æ,–í–¥–æ—Ö–Ω–æ–≤–µ–Ω–∏–µ,"–£ –≤—Ä–∞—á–∞ –≤ –∫–∞–±–∏–Ω–µ—Ç–µ:
–í–¥–æ—Ö, –∫—Ä–æ–≤—å –ø–æ –≤–µ–Ω–µ, –º–µ–µ–µ üòñ
–ù–∞–¥–µ—é—Å—å –¥–∞—Ä–∏—Ç –µ–º—É –ø—Ä–æ—Ü–µ–¥—É—Ä–∞
–í–¥–æ—Ö–Ω–æ–≤–µ–Ω–∏–µ!",4
–í–∞–Ω—á–æ,–¢–µ–ø–ª–æ—Ö–æ–¥,"–í–µ—Å–Ω–∞, —Ç–µ–ø–ª–æ —Å—Ç–∞–ª–æ –∏ –≤–æ—Ç ‚Äî
–ù–∞ —Ä–µ–∫–µ –ª—ë–¥ —Ä–∞—Å—Ç–∞—è–ª –∏ –ø–ª—ã–≤—ë—Ç —Ç–µ–ø–ª–æ—Ö–æ–¥.",1
–í–∞–Ω—á–æ,–ö–∞—Ä—Ç–∏–Ω–∞,"–í –±–æ–ª–æ—Ç–æ –ø–æ–ø–∞–ª–∞ –≤–æ—Ä–æ–Ω–∞.
–ì—Ä–æ–º–æ–≥–ª–∞—Å–Ω–æ —à—É–º–∏—Ç ¬´–ö–∞—Ä!¬ª —Ç–∏–Ω–∞.
–ñ–∞–ª—å, –∑–∞–∫–æ–Ω—á–∏—Ç—Å—è –≤—Å—ë –æ—á–µ–Ω—å –≥—Ä—É—Å—Ç–Ω–æ‚Ä¶
–¢–∞–∫–∞—è –≤–æ—Ç –∂–∏–∑–Ω–∏ –∫–∞—Ä—Ç–∏–Ω–∞.",2
–í–∞–Ω—á–æ,–ü–∏—Å—Ç–æ–ª–µ—Ç,"–£ –ê–Ω–≥–ª–∏–∏ –∏ –§—Ä–∞–Ω—Ü–∏–∏
–í–æ–π–Ω–∞ –±—ã–ª–∞ —Å—Ç–æ –ª–µ—Ç.
–ê —ç—Ç–æ –≤–µ–¥—å –µ—â–µ —Ç–æ–≥–¥–∞ 
–ù–µ –∏–∑–æ–±—Ä–µ–ª–∏ –ø–∏—Å—Ç–æ–ª–µ—Ç!",3
–í–∞–Ω—á–æ,–ë–æ–≥,"–ù–µ –∑–∞–≤–∏–¥—É—é —Ç–µ–º, –∫—Ç–æ –ª–µ–∂–∏—Ç —Å –∞–ø–ø–µ–Ω–¥–∏—Ü–∏—Ç–æ–º.
–£ –Ω–∏—Ö —Å–∏–ª—å–Ω–æ –±–æ–ª–∏—Ç –±–æ–∫, –∏ –∫ –ë–æ–≥—É –∏–¥–µ—Ç –º–æ–ª–∏—Ç–≤–∞.
–ê —Ç–æ—á–Ω–µ–µ –≤–æ–ø—Ä–æ—Å ‚Äì –∑–∞—á–µ–º –≤–Ω—É—Ç—Ä–∏ –Ω–∞—Å –∑–∞—Ä—ã—Ç–∞
–¢–∞–∫–∞—è —Å—Ç—Ä–∞–Ω–Ω–∞—è —à—Ç—É–∫–∞, —á—Ç–æ —Ç–µ–ø–µ—Ä—å —Å–∏–ª—å–Ω–æ –±–æ–ª–∏—Ç —Ç–∞–∫?",1
–í–∞–Ω—á–æ,–í–æ–π–Ω–∞,"–ù–æ—á—å—é –∫–æ—Ç –±–µ–∂–∏—Ç –Ω–∞ –∫—É—Ö–Ω—é: –•–æ–∑—è–∏–Ω, –≤–æ–π, –Ω–∞!
–ï—Å–ª–∏ –Ω–µ –¥–∞—à—å –º–Ω–µ –≤–∫—É—Å–Ω–æ–≥–æ, –æ–±—ä—è–≤–ª—è–µ—Ç—Å—è –≤–æ–π–Ω–∞!",2
–ò—Å–ª–∞–º,–ß–µ–ª–æ–≤–µ–∫-–ø—É–∫,"–ö—Ç–æ-—Ç–æ –¥–µ–≤–æ—á–∫–∞-–≤–æ–π–Ω–∞, –∞ —è –ß–µ–ª–æ–≤–µ–∫-–ø—É–∫.
–õ–µ—Ç–∞—é, –ø–æ–∫–∞ –∏–∑–¥–∞—é –∏–∑ –¥–≤—É—Ö —Ä—É–∫ –∑–≤—É–∫",1
–í–∞–Ω—á–æ,–û–≥–æ–Ω—å,"–ï—Å–ª–∏ –≤–¥—Ä—É–≥ –∫–∞–∂–µ—Ç—Å—è, —á—Ç–æ –∏–¥–µ—è –æ–≥–æ–Ω—å ‚Äî
–ü–æ–¥–∂–µ—á—å —Å–µ–±–µ –≤–æ–ª–æ—Å—ã, —Ç–æ –ª—É—á—à–µ —Å—Ç–æ–π.
–ë–∞–∑–∞—Ä—é, –±—É–¥–µ—Ç –≤–æ–Ω—å!",3
–í–∞–Ω—á–æ,–ö–ª–∏–∫–∫–ª–∞–∫,"–•–æ—á–µ—à—å –∫—Ä–∞—Å–æ—Ç—ã? 
–ù–∞–Ω–µ—Å–∏ –Ω–∞ –ª–∏–∫ –ª–∞–∫.
–ù–æ –ª—É—á—à–µ –ø–æ—Å–º–æ—Ç—Ä–∏
–í–∏–¥–æ—Å—ã —Å –∫–∞–Ω–∞–ª–∞ –ö–ª–∏–∫–ö–ª–∞–∫!",4
–í–∞–Ω—á–æ,–ú–∞–∫–∏—è–∂,"–•–æ—á—É –∫—É–ø–∏—Ç—å –∫—Ä–æ—Å—Å–æ–≤–∫–∏ Nike, —è –∂
–ù–∞ —ç—Ç–æ –≥–æ—Ç–æ–≤ –¥–µ–Ω—å–≥–∏ —Ç—Ä–∞—Ç–∏—Ç—å,
–ù–µ –Ω–∞ –º–∞–∫–∏—è–∂.",5
–í–∞–Ω—á–æ,–ë–∞–∫–∞–ª–µ—è,"–ì—Ä—É—Å—Ç–Ω–æ —Å–º–æ—Ç—Ä–µ—Ç—å –±—ã–ª–æ –Ω–∞ –ö–∞–ª–∫–∏–Ω–∞ –ú–∞–∫–æ–ª–µ—è,
–ò—Å—Å—ã—Ö–∞–ª, –∫–∞–∫ –∑–∞–±—ã—Ç–∞—è –±—É–ª–∫–∞ –Ω–∞ –∑–∞–¥–≤–æ—Ä–∫–∞—Ö –≤ –±–∞–∫–∞–ª–µ–µ.",6
–ò–ª—å—è,–ü–∞–ª–∫–∞,"–£ –º–µ–Ω—è –µ—Å—Ç—å –ø–∞–ª–∫–∞,
–û–Ω–∞ –æ–ø–∞—Å–Ω–∞ –±—Ä–∞—Ç–∫–∞!
–î–∞, —è —Å–æ —Å—Ç–≤–æ–ª–æ–º, 
–î–∞—é –ø–æ –ª–±—É —Ç–µ–±–µ –∏–º, –ø–∞–¥–ª–∞",1
–í–∞–Ω—á–æ,–ì—Ä–∞–±–∏—Ç–µ–ª—å,"–ü—Ä–∏—è—Ç–Ω–æ —Å—Ç–∞—Ç—å –ª–µ–≥–µ–Ω–¥–æ–π,
–ë—ã—Ç—å –æ—Ç–ª–∏—Ç—ã–º –≤ –≥—Ä–∞–Ω–∏—Ç–µ.
–ù–æ –≤—Ä—è–¥-–ª–∏ —Ç–∞–∫ –±—É–¥–µ—Ç –≥–¥–µ-—Ç–æ,
–ï—Å–ª–∏ —Ç—ã –ø—Ä–æ—Å—Ç–æ –≥—Ä–∞–±–∏—Ç–µ–ª—å.",7
–í–∞–Ω—á–æ,–ü–æ—Å—Ç–µ–ª—å,"–ö–∞–º–∞—Å—É—Ç—Ä–∞ –±–æ–≥–∞—Ç–∞ ‚Äî –º–Ω–æ–≥–æ –¥–ª—è –ø–æ–∑ —Ç–µ–ª.
–ù–æ –∏–Ω–æ–≥–¥–∞ —Ç–∞–∫ —É—Å—Ç–∞–ª —Ç—ã, –≥–ª–∞–≤–Ω–æ ‚Äî —á—Ç–æ–± –ø—Ä–æ—Å—Ç–æ –±—ã–ª–∞ –ø–æ—Å—Ç–µ–ª—å.",8
–í–∞–Ω—á–æ,–ö–∞—Ä–º–∞–Ω,"–¢—ã –º–æ–∂–µ—à—å –±—ã—Ç—å –ø—Ä–æ—Ç–∏–≤–Ω—ã–º,
–ö–∞–∫ –≠—Ä–∏–∫ –ö–∞—Ä—Ç–º–∞–Ω,
–ù–æ –ø—Ä–æ—Å—Ç—è—Ç –∏ —Å–∫–∞–∂—É—Ç —Å–ø–∞—Å–∏–±–æ,
–ï—Å–ª–∏ –¥–∞—à—å –Ω–∞ –∫–∞—Ä–º–∞–Ω.",9
–í–∞–Ω—á–æ,–ì–ª–∞–≤–∞—Ä—å,"–Ø –ø—Ä–æ—à–µ–ª –≤—Å–µ —É—Ä–æ–≤–Ω–∏,
–£–±–∏—Ç–∞ –∫–∞–∂–¥–∞—è —Ç–≤–∞—Ä—å.
–û—Å—Ç–∞–ª—Å—è level –ø–æ—Å–ª–µ–¥–Ω–∏–π ‚Äî
–¢–∞–º –º–µ–Ω—è –∂–¥—ë—Ç –≥–ª–∞–≤–∞—Ä—å.",10
–ò–ª—å—è,–ì–∞–∑–µ—Ç–∞,"–£ –º–µ–Ω—è –≤ —Ä—É–∫–∞—Ö –≥–∞–∑–µ—Ç–∞,
–ß–∏—Ç–∞—é –∞–Ω–µ–∫–¥–æ—Ç—ã, –ø–æ–∫–∞ —Å—É–∫–∞ –∂–¥–µ—Ç –º–∏–Ω–µ—Ç–∞",2
–ò–ª—å—è,–õ—è–≥—É—à–∫–∞,"–°–µ–≥–æ–¥–Ω—è –Ω–µ —Å—Ä–µ–¥–∞, –Ω–æ —Ç—ã —Ç–∞–∫–∞—è –ø—É—à–∫–∞!
–í –º–æ–∏—Ö —à—Ç–∞–Ω–∞—Ö —Ç–µ—Å–Ω–æ, –≤–æ–∑—å–º–∏ –º–æ—é –ª—è–≥—É—à–∫—É",3
–í–∞–Ω—á–æ,–∫–∞—Ä–∞–≤–∞–π,"–ö–∞—Ä–∞-–ú—É—Ä–∑–∞ —Å–µ–ª –Ω–∞ 25 –ª–µ—Ç.
–ö–∞—Ä–∞–≤–∞–π-–∫–∞—Ä–∞–≤–∞–π –ø–µ—Ç—å –µ–º—É –±—É–¥—É—Ç –≥–¥–µ?
–û—Å—Ç—Ä–æ—Å–æ—Ü–∏–∞–ª—å–Ω—ã–π —Ä—ç–ø. –°—É—Ä–æ–≤—ã–π –∫—Ä–∞–π ‚Äì
–•–æ—á–µ—à—å, –Ω–æ –Ω–µ –º–æ–∂–µ—à—å –≤—ã–±–∏—Ä–∞—Ç—å.",12
–ò–ª—å—è,–†–µ–∫–æ–Ω—Å—Ç—Ä—É–∫—Ü–∏—è,"–ö—Ç–æ –Ω–µ –ø–æ–Ω—è–ª, –∑–∞—á–µ–º —è –∑–¥–µ—Å—å, –∫–∞–∫–∞—è –º–æ—è —Ñ—É–Ω–∫—Ü–∏—è ‚Äì
–ö–æ–≥–¥–∞ –ì—É—Ñ —Å–ª–∏–ø–∞–µ—Ç—Å—è —Å–æ —Å–≤–æ–µ–π —Å–æ–±–∞–∫–æ–π –∏ —Ä—ã—á–∏—Ç ‚Äî —ç—Ç–æ –†—Ä—Ä–µ–µ–µ –∫–æ–Ω—Å—Ç—Ä—É–∫—Ü–∏—è",4
–í–∞–Ω—á–æ,–ü–æ–ª–∏—Ü–µ–π—Å–∫–∏–π,"–í –¥–µ—Ç—Å—Ç–≤–µ –Ω–∞ –º–æ–±–∏–ª—É –∫–∞—á–∞–ª –ø–æ–ª–∏—Ñ–æ–Ω–∏—é.
–ü–æ–ª–∏—Ü–µ–π—Å–∫–∏–µ –¥–æ–º–æ–π —Ç–æ–∂–µ –±—ã–ª–æ –ø—Ä–∏—Ö–æ–¥–∏–ª–∏.
–ü–æ–ª–∏–≤–∞—Ç—å —Ü–≤–µ—Ç—ã —Ä–æ–¥–∞–∫–∏ –Ω–µ –Ω–∞—É—á–∏–ª–∏.
–ü–æ–ª–µ–Ω–∏–ª—Å—è –∏ —Ç–µ–ø–µ—Ä—å –Ω–µ –≤–æ–∂—É –∞–≤—Ç–æ–º–æ–±–∏–ª–∏.",13
–í–∞–Ω—á–æ,–ú–æ—Å—Ç,"–í—ã—à–µ–ª –ë–æ—Ä—è –∫–∞–∫-—Ç–æ
–ø–æ–≥—É–ª—è—Ç—å –Ω–∞ –º–æ—Å—Ç.
–¢–∞–º –ª–µ–∂–∞—Ç—å –∏ –æ—Å—Ç–∞–ª—Å—è,
connection lost.",14
–í–∞–Ω—á–æ,–ö–æ–ø—ã—Ç–æ,"–ù–∞ –æ–±—ã—Å–∫ –≤ –∫–æ–Ω—é—à–Ω—é –ø—Ä–∏—à–µ–ª –∫–æ–ø. –ò—Ç–æ–≥:
–ù–∞–π–¥–µ–Ω–æ –±—ã–ª–æ –ª–∏—à—å –∫–æ–ø—ã—Ç–æ.",15
–í–∞–Ω—á–æ,–ú–æ—Ä,"–ë—ã–ª–æ –±—ã –ø—Ä–æ—â–µ –¥–ª—è –§—Ä–æ–¥–æ,
–ï—Å–ª–∏ –±—ã –≤ –ú–æ—Ä–¥–æ—Ä —Ç—É–ø–æ –≤—ë–ª Door.
–ò –Ω–µ –Ω–∞–¥–æ –±—ã–ª–æ –±—ã –≤—Ä–µ–º—è —Ç—Ä–∞—Ç–∏—Ç—å –Ω–∞ –¥–æ—Ä–æ–≥—É.
–ù–µ –∑–∞–º—É—á–∞–ª –±—ã —Ö–æ–±–±–∏—Ç–∞ –º–æ—Ä.",16
–í–∞–Ω—á–æ,–£—Ç—Ä–æ,"–°–¥–µ–ª–∞–ª —É—Ç—Ä–æ–º –∑–∞—Ä—è–¥–∫—É?
–î–∞ —Ç—ã –∫—Ä—É—Ç, –±—Ä–æ!
–ù–∞ –¥–µ–Ω—å –±–æ–¥—Ä–æ—Å—Ç–∏ –∑–∞—Ä—è–¥ ‚Äî
–≠—Ç–æ –ø—É—Ç–Ω–æ!",17
–í–∞–Ω—á–æ,–ë–æ—á–∫–∞,"–ü–æ–µ–ª –≤–æ ¬´–í–∫—É—Å–Ω–æ –∏ –¢–æ—á–∫–∞¬ª,
–¢–µ–ø–µ—Ä—å –æ–±—ä–µ–º–Ω—ã–π –∫–∞–∫ –±–æ—á–∫–∞‚Ä¶",18
–í–∞–Ω—á–æ,–ó–∞–º–æ–∫,"–í—ã–∑—ã–≤–∞–π—Ç–µ –¥–∏—Ä–µ–∫—Ç–æ—Ä–∞,
–ü—Ä–∏–¥—ë—Ç –∑–∞–º ‚Äî –æ–∫.
–Ø —É–∂–µ —Ç–∞–∫–æ–π –∑–ª–æ–π,
–ü–æ—Ä–∞ –∑–∞–∫—Ä—ã–≤–∞—Ç—å –Ω–∞ –∑–∞–º–æ–∫!",19
–í–∞–Ω—á–æ,–ì–æ—Ä–æ–¥,"–ö—Ä—É—Ç–∏—Ç –∂–∏–≤–æ—Ç, —Å–≤–æ—ë –±–µ—Ä–µ—Ç –≥–æ–ª–æ–¥.
–•–æ–ª–æ–¥–µ–Ω –∏ –ø—É—Å—Ç –ø–æ—Å—Ç-–∞–ø–æ–∫–∞–ª–∏–ø—Ç–∏—á–Ω—ã–π –≥–æ—Ä–æ–¥.",20
–ò–ª—å—è,–°–∞–¥,"–¢—É—Å—É–µ–º —Å –õ–∏–ª–µ–π, –†–æ–∑–æ–π, –ñ–∞—Å–º–∏–Ω ‚Äî —ç—Ç–æ –º–æ–π –õ—é–±–∏–º—ã–π —Å–∞–¥, 
–ö–∞–∂–¥–∞—è ‚Äî —Å–ª–∞–¥–∫–∏–π –Ω–µ–∫—Ç–∞—Ä, —Ç–≤–æ–π —Å–∞–¥ ‚Äì –ø—Ä–æ—Å—Ç–æ –æ–±–æ—Å—Å–∞—Ç",1–í–∞–Ω—á–æ,–ö—Ä—ã–ª—å—è,"–ë—ã–ª –±—ã –±–æ–≥–∞—Ç ‚Äî
–ú–Ω–æ–≥–æ –µ–ª –±—ã –∏–∫—Ä—ã —è.
–ù—É –∞ –ø–æ–∫–∞ —è –ª–∏—à—å
–•–∞–≤–∞—é –∫—Ä—ã–ª—å—è.",1
–í–∞–Ω—á–æ,–ö—Ä–æ–≤—å,"–î–µ—Ç—Å—Ç–≤–∞ –≥–ª–∞–≤–Ω—ã–π —Å–µ–∫—Ä–µ—Ç ‚Äî
–ò–∑ –∫—Ä–æ–≤–∏ –≥–µ–º–∞—Ç–æ–≥–µ–Ω.
–í—Ä–æ–¥–µ –±—ã, —Å–ø–æ—Ä–Ω—ã–π –º–æ–º–µ–Ω—Ç.
–ê –≤—Ä–æ–¥–µ –∏ –ø–æ—Ñ–∏–≥ ‚Äî —á—ë –Ω–µ—Ç?",2
–í–∞–Ω—á–æ,–ü–∏—Å—Ç–æ–ª–µ—Ç,"–î–æ–∫–∞–∑–∞—Ç–µ–ª—å—Å—Ç–≤–æ –Ω–µ —Å–∏–º—É–ª—è—Ü–∏–∏ ‚Äî
–ú–æ–∂–µ—Ç —á–∏—Å–ª–æ –ü–∏ –∏–¥—Ç–∏ —Ö–æ—Ç—å —Å—Ç–æ –ª–µ—Ç!
–ù–æ –µ—Å–ª–∏ –≤–¥—Ä—É–≥ –Ω–∞—á–Ω—ë—Ç –ø–æ–≤—Ç–æ—Ä—è—Ç—å—Å—è ‚Äî
–£—á–µ–Ω—ã–µ –≤–æ–∑—å–º—É—Ç—Å—è –∑–∞ –ø–∏—Å—Ç–æ–ª–µ—Ç!",3
Vladimir,–ö–æ—Ç,"–∫–æ—Ç —Å–∫–≤–æ–∑—å –ø–æ—Ç 
–µ–±–∞–ª —Ç–≤–æ–π —Ä–æ—Ç",1
–ò—Å–ª–∞–º,–ò–ª–ª—é–º–∏–Ω–∞—Ç—ã,"–õ–µ–∂—É –Ω–∞ –∫—Ä–æ–≤–∞—Ç–∏ —Ç—É–ø–æ –∏ –ª—å—é –º–æ–Ω–µ—Ç—ã
–ë–æ–≥–∞—Ç—Å—Ç–≤–æ –æ–±—Ö–æ–¥–∏—Ç —Å—Ç–æ—Ä–æ–Ω–æ–π, –∫–∞–∫ –†—è–±–æ–≤–∞ –ò–ª—å—é –º–∏–Ω–µ—Ç—ã
–•–æ—á—É –¥–æ–ª–ª–∞—Ä—ã, –∏ —á—Ç–æ–± –Ω–∞ –∫—É–ø—é—Ä–∞—Ö –∏–ª–ª—é–º–∏–Ω–∞—Ç—ã 
—è–∫ –∫–∞–∑–∞–≤ –§—ñ—Ñ—Ç—ñ —Ü–µ–Ω—Ç, –†–æ–∑–±–∞–≥–∞—Ç—ñ–π –∏–ª–∏ —É–º–∏—Ä–∞—Ç—ç",1
–ò—Å–ª–∞–º,–í–æ–π–Ω–∞,"—Å–ª—ã—à–µ–Ω –≥—Ä–æ—Ö–æ—Ç –∏ –ª—é–¥—Å–∫–æ–π –≤–æ–π –Ω–∞–º
—É —Å–æ—Å–µ–¥–µ–π —Ä—è–¥–æ–º –∏–¥–µ—Ç –≤–æ–π–Ω–∞
—Å–æ–±—ã—Ç–∏–µ, –±–µ—Å—Å–º—ã—Å–ª–µ–Ω–Ω–µ–µ —Ä–∏–ª—Å–∞ –∏ –≤–∞–π–Ω–∞ 
–°–Ω–∞–π–ø–µ—Ä –æ—Ç–ø—Ä–∞–≤–ª—è—è –ø—É–ª—é —à–µ–ø—á–µ—Ç: ""–†—è–¥–æ–≤–æ–π, –Ω–∞!",2
–í–∞–Ω—á–æ,–ó–∞–º–æ–∫,"–ü–æ–º–Ω—é –µ–∑–¥–∏–ª –≤ –¢—É—Ä—Ü–∏—é
–ú–µ–ª–∫–∏–π –ª–µ—Ç–æ–º,
–•–æ–¥–∏–ª –Ω–∞ –º–∏–Ω–∏-–¥–∏—Å–∫–æ,
–¢–∞–Ω—Ü–µ–≤–∞–ª –ø–æ–¥ –∫—É–ø–ª–µ—Ç—ã:
–ì—É–ª–∏-–≥—É–ª–∏, –∞—Ä–∞–º-–∑–∞–º-–∑–∞–º‚Ä¶ –û–∫.
–í—Å—ë –ª—É—á—à–µ, —á–µ–º —Å–∏–¥–µ—Ç—å, –∑–∞–∫—Ä—ã–≤—à–∏—Å—å
–í –Ω–æ–º–µ—Ä–µ –Ω–∞ –∑–∞–º–æ–∫ üîí",4
–í–∞–Ω—á–æ,–ß—É–¥–æ,"–†–∞–∑–Ω–æ—Å–∏—Ç—Å—è –ø–æ –ª–µ—Å—É –∫—Ä–∏–∫:
¬´–ß—É!¬ª –¥–æ–ª–≥–æ–µ.
–ë—É–¥–µ—Ç —Ä–µ–∞–ª—å–Ω–æ —á—É–¥–æ,
–ï—Å–ª–∏ —É—Å–ª—ã—à–∏—Ç –∫—Ç–æ-–Ω–∏–±—É–¥—å üòî",5
–í–∞–Ω—á–æ,–ì–∞–Ω–≥—Å—Ç–µ—Ä,"–†–∞–∑–≤–µ —Ç–∞–∫ —Å—Ç—Ä–∞—à–µ–Ω my gun?
So why do you stare?
–Ø –∂–µ –æ–±—ã—á–Ω—ã–π –ø–∞—Ü–∞–Ω,
–ê –Ω–µ –∫–∞–∫–æ–π-–Ω–∏–±—É–¥—å –≥–∞–Ω–≥—Å—Ç–µ—Ä!",6
–í–∞–Ω—á–æ,–ì–æ—Ä–æ–¥,"–í —Ñ–∏–ª—å–º–µ 90—Ö –ú–æ—Ä—Ç–∞–ª –ö–æ–º–±–∞—Ç
–ù–∞–≤–∞–ª—è–ª –Ω–µ–ø–ª–æ—Ö–æ –î–∂–æ–Ω–Ω–∏ –ö–µ–π–¥–∂ –ì–æ—Ä–æ.
–£—Ä–æ–∫ —Ç–æ–≥–¥–∞ –≤–∞–∂–Ω—ã–π –±—ã–ª –ø–æ–¥–∞–Ω:
–ù–µ —Å–∏–ª—å–Ω—ã—Ö, –∞ —Ö–∏—Ç—Ä—ã—Ö –ª—é–±–∏—Ç –≥–æ—Ä–æ–¥!",7
–í–∞–Ω—á–æ,–°–æ–Ω,"–®—É–º–Ω–∞—è –ø—Ä–æ–±–∫–∞:
–¢–æ —Ç—É—Ç —Ç–æ —Ç–∞–º –∑–≤—É—á–∏—Ç –∫–ª–∞–∫—Å–æ–Ω.
–ó–¥–µ—Å—å —Å–ª–∏—à–∫–æ–º –≥—Ä–æ–º–∫–æ ‚Äî
–ù–∏–∑–æ–∫ —à–∞–Ω—Å –Ω–∞ —Å–æ–Ω.",8
–í–∞–Ω—á–æ,–°—Ç—Ä–∞—Ö–æ–≤–∫–∞,"–ë–æ—è–∑–Ω—å –æ–±–æ—Å—Ä–∞—Ç—å—Å—è ‚Äî —Å—Ç—Ä–∞—Ö of –∫–∞–ª.
–ù–∏–∂–µ, –∫–æ–≥–¥–∞ –≤ –∑–∞–∫—Ä–æ–º–∞—Ö –µ—Å—Ç—å —Å—Ç—Ä–∞—Ö–æ–≤–∫–∞.",9
–í–∞–Ω—á–æ,–ß–∞–π,"–ü–æ–º–Ω—é –±—ã–ª —Å–ª—É—á–∞–π ‚Äî
–ù–µ–±–æ –±—ã–ª–æ –≤ —Ç—É—á–∞—Ö,
–ù–æ –¥—É–º–∞–ª, —á—Ç–æ –≤–µ–∑—É—á–∏–π –∏
–ó–æ–Ω—Ç –º–Ω–µ –Ω–µ –Ω—É–∂–µ–Ω‚Ä¶
–•–∞! –ü–æ–ª–∏–ª–æ –Ω–µ–±–µ—Å–Ω—ã–º –¥—É—à–µ–º,
–ë—ã–ª –∫–∞–∫ —á–∞—è –ø–∞–∫–µ—Ç–∏–∫, –º–æ–∂–µ—Ç
–¥–∞–∂–µ —Ö—É–∂–µ.",10
–í–∞–Ω—á–æ,–ü–∞–ª–∫–∞,"–î–æ–ª–≥–æ –¥—É—à–∏–ª –∑–º–µ—é –∏ –ø–∞–ª –ö–∞.
–§—Ä–∞–∑–∞ –¥–≤–æ—è–∫–∞, –∫–∞–∫ –ø–∞–ª–∫–∞.",1
–í–∞–Ω—á–æ,–ì—Ä–∞—Ñ,"–ü—Ä–æ—â–µ –∏–≥—Ä–∞—Ç—å, –∫–æ–≥–¥–∞ —Ç—ã –≥—Ä–∞—Ñ:
–°—Ä–∞–∑—É –∞—Ä–∏—Å—Ç–æ–∫—Ä–∞—Ç, —Ä–æ–¥ —Ç–µ–±–µ —Ä–∞–¥.",1
–í–∞–Ω—á–æ,–ö–æ—Ç,"–ö–∞–∫–æ–π —É –∫–æ—Ç–∞ –∫–æ–¥? –¢–µ–ø–ª–æ—Ç–∞ –∏ –≤–Ω–∏–º–∞–Ω–∏–µ!
–ù–æ, –≤ –ø–µ—Ä–≤—É—é –æ—á–µ—Ä–µ–¥—å ‚Äì –Ω–µ –¥–æ–ø—É—Å–∫–∞—Ç—å –≥–æ–ª–æ–¥–∞–Ω–∏–µ!",2
–í–æ–≤—á–∞–Ω,–ú–∞–∫–∏—è–∂,"–ú–∞–∫–∏—è–∂ –±—ã—Å—Ç—Ä–æ –ø—Ä–µ–æ–±—Ä–∞–∂–∞–µ—Ç 
–î–∞–∂–µ –∫—Ä–∏–≤–æ–µ –µ–±–∞–ª–æ –æ–Ω —É–∫—Ä–∞—à–∞–µ—Ç 
–ù–µ–º–Ω–æ–≥–æ –Ω–∞–º–∞–∑–∞–≤ —Ç—É–¥–∞ —Å—é–¥–∞ 
–£—Å–ø–µ—à–Ω–æ –∑–∞–º—É–∂ –≤—ã—à–ª–∞ –æ–Ω–∞",1
–í–æ–≤—á–∞–Ω,–û–≥–æ–Ω—å,"–ü–∞—Ä–µ–Ω—å –æ–≥–æ–Ω—å, –ø–æ—Ç–æ–º—É —á—Ç–æ ‚Äì —Å–µ–∫—Å–∏—Å—Ç. 
–®—É—Ç–∫–∏ —Ö—É–π–Ω—è. –†–∏—Ñ–º–∞ <b>exists!</b>",2
–í–æ–≤—á–∞–Ω,–¶–≤–µ—Ç,"–¶–≤–µ—Ç —ç—Ç–æ —Å–≤–µ—Ç–∞ –¥–ª–∏–Ω–Ω—ã –≤–æ–ª–Ω–∞
–ö–æ—Ñ—Ç–∞ –º–æ—è –∏–∑ –≤–æ–ª–æ–∫–Ω–∞ 
–°–ª–æ–∂–Ω–æ –ø—Ä–∏–¥—É–º–∞—Ç—å —Ä–∏—Ñ–º—É –ø–∏–∑–¥–µ—Ü
–ù–∞–¥–µ—é—Å—å –¥–æ–≤–æ–ª–µ–Ω –º–Ω–æ—é –æ—Ç–µ—Ü",3
–í–æ–≤—á–∞–Ω,–õ—É–∫,"–õ—É–∫ —Ä–µ–∂–µ—Ç –æ—á–∏ —Ä–µ–≤—É –∫–∞–∫ –µ–±–ª–∞–Ω
–•—É–π–Ω—é —Å–æ—á–∏–Ω—è—é ‚Äî –º–æ–π –ù–µ–π–º –í–æ–≤—á–∞–Ω",4
–í–∞–Ω—á–æ,–õ–æ–∂–∫–∞,"–õ–æ–∂—å ‚Äî —ç—Ç–æ –¥–ª—è –ª–æ—Ö–æ–≤,
–ù–µ –±–µ—Ä–∏, –ø–æ–ª–æ–∂—å.",1
–í–∞–Ω—á–æ,–ö–æ–ª–µ–Ω–æ,"–£–¥–∞—Ä–∏–ª—Å—è –æ–± LEGO,
–ë–ª–∞–≥–æ –Ω–µ –∫–æ–ª–µ–Ω–æ–º!",2
–í–æ–≤—á–∞–Ω,–í–µ—Ç–µ—Ä,"–í–µ—Ç–µ—Ä —Å–ø–æ—Å–æ–±–µ–Ω –º—É—Ç–∏—Ç—å –ø–µ—Ä–µ–º–µ–Ω—ã 
–ù–æ –¥–ª—è –º–µ–Ω—è —ç—Ç–æ —Å–ª–æ–∂–Ω–æ–µ –≤—Ä–µ–º—è
–ö–∞–∫ –º–Ω–µ —É—Å–ø–µ—Ç—å –Ω–∞ —à–∫–æ–ª—å–Ω—ã–π –æ–±–µ–¥
–ü–∏—Ü—Ü–∞ –≤ –±—É—Ñ–µ—Ç–µ —Å–æ –≤–∫—É—Å–æ–º –∫–æ–Ω—Ñ–µ—Ç",5
–í–æ–≤—á–∞–Ω,–í–æ–π–Ω–∞,"–í–æ–π–Ω–∞ —ç—Ç–æ —Å–ª–æ–≤–æ —á—Ç–æ —Å—É–¥—å–±—ã –ª–æ–º–∞–µ—Ç
–õ–∏—á–Ω–æ –º–µ–Ω—è –ø–∏–∑–¥–µ—Ü –∑–∞–¥–µ–≤–∞–µ—Ç
–ú–Ω–æ–≥–æ –ø–∏—Å–∞—Ç—å –Ω–µ —Å—Ç–∞–Ω—É 
–ò–±–æ –≤ –¥–µ–ø—Ä–µ—Å—Å–∏—é –≤–ø–∞–ª –∏ —É—Å—Ç–∞–ª —è",6
–í–∞–Ω—á–æ,–©–µ–∫–∞,"–©–µ–∫–∞ ‚Äì –ø–æ–ª–µ–∑–Ω–∞ –±—ã–≤–∞–µ—Ç –≤ —Ö–æ–ª–æ–¥–∞,
–í–µ–¥—å —ç—Ç–æ –∫–∞–∫ –Ω–∞ –ª–∏—Ü–µ —â–∏—Ç, –¥–∞?",1
–í–∞–Ω—á–æ,–ü—É—à–∫–∞,"–ò—Ä–æ–Ω–∏—á–Ω–æ, –Ω–æ –ü—É—à–∫–∏–Ω–∞, –ø–æ–≥—É–±–∏–ª–∞ –ø—É—à–∫–∞.
–ê–∫–∫—É—Ä–∞—Ç–Ω–µ–π —Å —Ç–∞–∫–æ–π —Ñ–∞–º–∏–ª–∏–µ–π –±—ã—Ç—å –Ω—É–∂–Ω–æ!",2
–í–∞–Ω—á–æ,–¢–æ–∫–∞—Ä—å,"–ü—Ä–∏—à–µ–ª —Å –∑–∞–≤–æ–¥–∞ —Ç–æ–ª—å–∫–æ. –Ø ‚Äì —Ç–æ–∫–∞—Ä—å".
–ú–µ—Ç–∞–ª—É –¥–µ–ª–∞–ª —è –±–æ–ª—å–Ω–æ. –†–∞–±–æ—Ç–∞–ª.",2
–í–∞–Ω—á–æ,–°–æ–∫–æ–ª,"–Ø –≥–æ–ª –∫–∞–∫ —Å–æ–∫–æ–ª, –≤–µ–¥—å —Å–æ–∫–æ–ª –≤ –ø–µ—Ä—å—è—Ö.
–¢–∞–∫ —á—Ç–æ ‚Äì —è –Ω–µ –≤–µ—Ä—é —Å–ª—É—Ö–∞–º, –Ω—É –∏ —Ç—ã –Ω–µ –≤–µ—Ä—å, –π–∞—É!",3
–í–∞–Ω—á–æ,–£—Ä–æ–∂–∞–π,–ö—É—Ä–æ–π —è —É–∂–∏–Ω–∞–ª ‚Äì —É—Ä–æ–∂–∞–π —á—Ç–æ –Ω—É–∂–Ω–æ!,4
–í–∞–Ω—á–æ,–†–∞—Å—Ç–≤–æ—Ä,"–í—ã—Ö–æ–¥–∏–ª —è –Ω–µ —Ä–∞–∑ –≤–æ –¥–≤–æ—Ä,
–ü–∏–ª–∏ —Ç–∞–º –ø–∞—Ü–∞–Ω—ã —Ä–∞—Å—Ç–≤–æ—Ä.",1
–í–∞–Ω—á–æ,–Ø–∑—ã–∫,"–û—Å—Ç—Ä –Ω–∞ —è–∑—ã–∫, –Ω–∞ —É–º —Ç—É–ø–æ–≤–∞—Ç.
–í—Ä–æ–¥–µ –≤—Å–µ –∞–∑—ã –ø–æ–Ω—è–ª, –Ω–æ —Ü–µ–ª–∏—Ç –Ω–µ —Ç—É–¥–∞.",1
–í–∞–Ω—á–æ,–ó–∞—Ç–æ—á–∫–∞,"–ó–∞ —Ç–æ—á–∫–æ–π ‚Äì –∑–∞–ø—è—Ç–∞—è.
–ó–∞—Ç–æ—á–∫–∞ –∑–∞–ª–µ—Ç–∞–µ—Ç
–¢–µ–º, –∫—Ç–æ –ø–æ—Ä—è–¥–æ–∫
–ù–µ —Å–æ–±–ª—é–¥–∞–µ—Ç...",1
–í–∞–Ω—á–æ,–†—ã–±–∞,"–†—ã–±–∞, –Ω–∞–≤–µ—Ä–Ω–æ–µ, –ø–æ–ª–µ–∑–Ω–µ–µ –º—è—Å–∞.
–ù–æ –æ—á–µ–Ω—å —Ä–µ–¥–∫–æ –∫–æ–≥–¥–∞ –µ–π —è —É–≤–ª–µ–∫–∞–ª—Å—è.",1
–í–∞–Ω—á–æ,–®—Ç–æ—Ä–º,"–ü–æ–≤—Å—é–¥—É —à—Ç–æ—Ä–º!
–û–π, –∞ –º–Ω–µ –Ω–æ—Ä–º!",1
–í–∞–Ω—á–æ,–ü—Ä–∏–∫–æ–ª,"–í–æ—Ç —ç—Ç–æ –ø—Ä–∏–∫–æ–ª! –•–∞-—Ö–∞-—Ö–∞!
–û—á–µ–Ω—å —Å–º–µ—à–Ω–æ, –ø–æ–∫–∞–∂—É —Ä–æ–¥–∞–∫–∞–º!",1
–í–∞–Ω—á–æ,–ß–∞–π,"–ì–æ—Ä–¥–æ—Å—Ç—å –±–µ—Ä–µ—Ç –Ω–µ–º–Ω–æ–≥–æ
–ó–∞ –ò–≤–∞–Ω-–ß–∞–π!
–¢–∏–ø–∞, –≤–µ–¥—å –Ω–µ –∫–∞–∂–¥–æ–º—É —Ç–∞–∫
–í—ã–ø–∞–ª —Å–ª—É—á–∞–π ‚Äî
–ß—Ç–æ–± –≤ —á–µ—Å—Ç—å –Ω–µ–≥–æ –Ω–∞–∑–≤–∞–ª–∏
–ù–∞–ø–∏—Ç–æ–∫‚Ä¶ –º–æ–∂–µ—Ç —á—Ç–æ-—Ç–æ
–ë—ã—Ç—å –∫—Ä—É—á–µ?",1
–í–∞–Ω—á–æ,–õ–∞–Ω–¥—à–∞—Ñ—Ç,"–ß—Ç–æ–±—ã —Å—Ç—Ä–æ–∏—Ç—å –¥–æ–º ‚Äî
–ù—É–∂–µ–Ω —Ä–æ–≤–Ω—ã–π –ª–∞–Ω–¥—à–∞—Ñ—Ç.
–í—Å–µ –≥–æ—Ä–∫–∏ –º—ã —É–±–µ—Ä–µ–º –∏
–ù–µ –Ω—É–∂–µ–Ω –ø–ª–∞–Ω —à–∞—Ö—Ç.
–†–æ–µ–º —Ç–æ–ª—å–∫–æ –ª–æ–ø–∞—Ç–∞–º–∏ ‚Äî
–≠—Ç–æ –ø—Ä–∏—Ä–æ–¥–µ —à–∞—Ö.
–ù–æ –Ω–µ –ª–µ–≥–∫–æ –∫–æ–ø–∞—Ç—å —Ç–∞–∫ ‚Äî
–õ–µ–Ω—å —Ç–∞–∫‚Ä¶ –õ–∞–Ω, —â–∞!",2
–í–∞–Ω—á–æ,–ú–æ—Å—Ç,"–î—É–Ω–∞–π –±–æ–ª—å—à–µ –∫–∏–ª–æ–º–µ—Ç—Ä–∞ –≤—à–∏—Ä—å ‚Äî
Do you know what I like the most?
–ë–µ—Å–∫–æ–Ω–µ—á–Ω–æ –≤ –¥–∞–ª—å —Ç–∞–º —É—Ö–æ–¥—è—Ç –º–æ—Å—Ç—ã,
–ü–µ—Ä–µ–π—Ç–∏ –ø–æ –Ω–∏–º ‚Äî no, of cause!",3
–í–∞–Ω—á–æ,–§–ª–µ–π—Ç–∞,"–í RHCP –µ—Å—Ç—å –±–∞—Å–∏—Å—Ç Fley,
–í—Ä–æ–¥–µ, —Ç–∞–∫ –µ–≥–æ –∑–æ–≤—É—Ç.
–ñ–∞–ª—å, –Ω–æ –æ–Ω –Ω–µ –∏–≥—Ä–∞–µ—Ç –Ω–∞ —Ñ–ª–µ–π—Ç–µ.
–≠—Ö, –∞ –±—ã–ª–æ –±—ã –∫—Ä—É—Ç–æ!",4
–í–∞–Ω—á–æ,–ö–∞—Ä–∞–≤–∞–π,"–í—Ä–æ–¥–µ –Ω–µ –≤—Å–µ —Ç–∞–∫ –ø–ª–æ—Ö–æ
–°–æ –≤—Å–µ–ª–µ–Ω–Ω–æ–π Star Wars:
–¢–∞–º –µ—Å—Ç—å –ì—Ä–æ–≥—É ‚Äì –º–∏–ª—ã–π –∫—Ä–æ—Ö–∞,
–ö–∞—Ä–∞–≤–∞–Ω –∏—Å—Ç–æ—Ä–∏–π –∂–¥—ë—Ç –Ω–∞—Å!",5
–í–∞–Ω—á–æ,–ò–ª–ª—é–º–∏–Ω–∞—Ç—ã,"–ë—ã–ª —Ç–∞–∫–æ–π —Ä–µ–ø–µ—Ä ‚Äì –ò–ª–ª—é–º–µ–π—Ç.
–í–æ–∑–º–æ–∂–Ω–æ, –¥–∞–∂–µ –≥–¥–µ-—Ç–æ –æ–Ω
–í—Å–µ –µ—â–µ –µ—Å—Ç—å. 
–¢–∞–∫ –≤–æ—Ç, –≤—Ä—è–¥ –ª–∏
–ü—Ä–æ–ø–∞–ª —Å —Ä–∞–¥–∞—Ä–æ–≤ –º—ç–π—Ç, —Ç–∞–∫ –∫–∞–∫
–í–∑—è–ª–∏ –µ–≥–æ –≤ –∏–ª–ª—é–º–∏–Ω–∞—Ç—ã‚Ä¶?
–£–∑–Ω–∞–ª –æ–± –∏–ª–ª—é–º–∏–Ω–∞—Ç–æ—Ä–∞—Ö –ø—Ä–∞–≤–¥—É!
–†–æ–∫–æ—Ç–æ–º —Ä–∞—Å–∫–∞—Ç–∞–ª–∏ –µ–≥–æ —Ñ–∞–∫—Ç—ã,
–ß—Ç–æ –∑–µ–º–ª—è —É –¥–æ–º–∞
–±—ã–ª–∞ –Ω–∞—Ä–∏—Å–æ–≤–∞–Ω–∞
–ò–ª–ª—é—Å—Ç—Ä–∞—Ç–æ—Ä–∞–º–∏ —ç—Ç–æ–π –±–∞–Ω–¥—ã!",6
–í–∞–Ω—á–æ,–ü–∏–≤–æ,"–ü–æ—á–µ–º—É –Ω–∞–º –ø—Ä–æ–¥–∞–≤–∞–ª–∏ –ø–∏–≤–æ,
–ö–æ–≥–¥–∞ –±—ã–ª–∏ –º–æ–ª–æ–¥—ã–µ –∏ –Ω—É, —Ç–∏–ø–∞:
–°–∫–æ–ª—å–∫–æ —Ä–∞–∑ —Å–æ –º–Ω–æ–π —Ç–∞–∫–æ–µ –±—ã–ª–æ,
–ß—Ç–æ –ø—Ä–æ–±–æ–≤–∞–ª –∏ –ø—Ä–æ–∫–∞—Ç–∏–ª–æ?",7
–í–∞–Ω—á–æ,–ü–æ–≤–∞—Ä–µ–Ω–æ–∫,"–ü—Ä–æ—Ñ–µ—Å—Å–∏—è —Å—ã–Ω–∞ –Ω–µ –≤–æ–ø—Ä–æ—Å,
–ö–æ–≥–¥–∞ –ø–æ—à–µ–ª –ø–æ —Å—Ç–æ–ø–∞–º —Ä–µ–±–µ–Ω–æ–∫.
–í—Ä–∞—á —Ç—ã –∏–ª–∏ –º–∏–ª–∏—Ü–∏–æ–Ω–µ—Ä?
–û–Ω –æ—Ç–≤–µ—Ç–∏—Ç: –ø–æ–≤–∞—Ä—ë–Ω–æ–∫!",8
–í–∞–Ω—á–æ,–°–≤–µ—Ç,"–î–∞, —è –ø—Ä–æ—Å—Ç–æ —Ä–æ–¥–∏–ª—Å—è!
–î–ª—è –º–µ–Ω—è —É–∂–µ —ç—Ç–æ ‚Äì —É—Å–ø–µ—Ö
–£–≤–∞–∂–∞—é, —Ç–µ—Ö –∫—Ç–æ –Ω–∞ —Å–≤–µ—Ç –ø–æ—è–≤–∏–ª—Å—è.
–í—Å–µ–º —Ä–æ–∂–¥—ë–Ω–Ω—ã–º ‚Äì respect!",9
–í–∞–Ω—á–æ,–ó–æ–ª–æ—Ç–æ,"–ó–æ–ª–æ—Ç–æ–µ –≤—Ä–µ–º—è ‚Äì —Ü–≤–µ—Ç –≤–æ—Å–ø–æ–º–∏–Ω–∞–Ω–∏–π.
–ö–∞–∫ –º—ã —Ä–∞–Ω—å—à–µ —Å–∏—è–ª–∏! –¢–∞–º –≤—Å–µ–≥–¥–∞ –≥–æ—Ä–∏—Ç –ø–ª–∞–º—è!",1
–ò—Å–ª–∞–º,–®—Ç–æ—Ä–º,"—ç—Ç–æ —à—Ç–æ?
—ç—Ç–æ —à—Ç–æ—Ä–º
–æ—Ç–æ—Ä–≤–∞–ª –æ—Ç –Ω–∞—à–µ–π —è—Ö—Ç—ã –ø–æ–ª
—Ç–µ–ø–µ—Ä—å –ª–µ—Ç–∏–º –º—ã –≤—Å–µ–º —Å–µ–ª–æ–º
–ø—Ä—è–º–æ –≤ –ú–∞—Ä–∏–∞–Ω—Å–∫—É—é –≤–ø–∞–¥–∏–Ω—É, –¥–æ–Ω",1
–í–∞–Ω—á–æ,–ü—Ä–∏–∫–æ–ª,"–®—Ç–æ—Ä–º –≤ —à—Ç–æ—Ä–∞—Ö ‚Äì —à—Ç–æ —Ç–∞–º?
–®–µ–ø—á–µ—Ç –∫—Ç–æ –≤ —à–µ–ª–∫–∞ —à–∏—Ä–æ—Ç–∞—Ö?",1
–í–∞–Ω—á–æ,–°–µ–π—Ñ,"–•–æ–∑—è–∏–Ω —Ö–∞—Ç—ã —Å–ø—Ä—è—Ç–∞–ª –ø—É—à–∫—É –≤ —Å–µ–π—Ñ,
–£–µ—Ö–∞–ª –±–µ–∑ –¥–∞—Ç—ã, –∫ –æ—Å—Ç—Ä–æ–≤–∞–º –Ω–∞ —Ä–µ–π–≤.
–°–∫–æ–ª—å–∫–æ –ø—Ä–æ–¥–ª–∏—Ç—Å—è –µ–≥–æ –¥—Ä–µ–π—Ñ?
–ù—É, –∫–ª—é—á–∞ —É –Ω–∞—Å –Ω–µ—Ç, so I don't feel safe.",2
–ò—Å–ª–∞–º,–ö–æ–Ω–¥–∏—Ç–µ—Ä,"–≤—Å–µ –¥—É–º–∞—é—Ç —á—Ç–æ —è –ø—Ä–æ—Å—Ç–æ –∫–æ–Ω–¥–∏—Ç–µ—Ä 
–∞ –ø–æ–¥ –º–æ–∏–º –≤–∞–≥–æ–Ω—á–∏–∫–æ–º –æ—Ç–¥—ã—Ö–∞—é—Ç –±–∞–Ω–¥–∏—Ç—ã 
—è –¥–∞–ª –ø–æ–≥—Ä–µ–±–æ–∫ —Å–≤–æ–π, —á—Ç–æ–±—ã —Ä–æ—Å–ª–∏ —Ü–≤–µ—Ç—ã 
–∞ –≤–Ω–µ—à–Ω–µ —è –≤–µ–¥—å –ø—Ä–æ—Å—Ç–æ –ø—Ä–æ–¥–∞–≤–µ—Ü –≤–∫—É—Å–Ω–æ—Ç—ã",2
–í–∞–Ω—á–æ,–ö–æ–∫—Ç–µ–π–ª—å,"–ö–æ–∫—Ç–µ–π–ª—å –Ω–∞–ª–∏—Ç –¥–æ –∫—Ä–∞—ë–≤, –æ –∫–æ—Ä—ã—Ç–µ –º–æ–∂–Ω–æ –∑–∞–±—ã—Ç—å.
–ù–µ –≤–∏–∂—É —Å–µ–±—è —Ç–∞–∫ —è –∑–∞ —Ä—É–ª–µ–º, –∏–Ω–∞—á–µ –Ω–µ –Ω–∞–¥–æ –∏ –ø–∏—Ç—å.",1
–í–∞–Ω—á–æ,–ë–∞–Ω–∫–Ω–æ—Ç–∞,"–û–≥—Ä–∞–±–∏–ª–∏ –±–∞–Ω–∫, –≤ –º–µ—à–∫–∞—Ö –±–∞–Ω–∫–Ω–æ—Ç—ã
–ö–∞–∫ —Ç–µ–ø–µ—Ä—å —Å–¥–µ–ª–∞—Ç—å —Ç–∞–∫, —á—Ç–æ–± –Ω–µ —É–∑–Ω–∞–ª–∏ –∫–æ–ø—ã...",1
–í–∞–Ω—á–æ,–í–æ—Å–∫—Ä–µ—à–µ–Ω–∏–µ,–í–æ—Å–∫—Ä–µ—à–µ–Ω–∏–µ –≤–æ—Å–∫—Ä–µ—à–µ–Ω–∏–µ,1
–í–∞–Ω—á–æ,–£—Ä–æ–∂–∞–π,"–£-—É-—É! –ù—É –∏ —Ä–æ–∂–∞!
–ù–∞ –º–µ–Ω—è –ø–æ—Ö–æ–∂–∞ —Ç–∞–∫.
–£—Ä–æ–∂–∞–π, –≤–∏–¥–Ω–æ, —Ç–∞–∫–∏—Ö –∫–∞–∫ –º—ã ‚Äì
–ü–æ—Ö–æ–∂–∏—Ö.
–ö–∞–∫ —Ä–æ–∂—å –º—ã –≤ –∏—Ö –ø–æ–ª—è—Ö!",1
–í–∞–Ω—á–æ,–ù–æ—Å,"–û—Ç —É–¥–∞—Ä–∞ –±–æ–ª—å–Ω–æ –±–æ–ª–∏—Ç –Ω–æ—Å...
–ù–æ –ª—É—á—à–µ —É–∂ –æ–Ω, —á–µ–º –ø—Ä–æ–ª–æ–º –≤ –∫–æ—Å—Ç—å.",1
–í–∞–Ω—á–æ,–ü–∞—Å—Ç–µ–ª—å,"–ù–∞ –∑—É–±–Ω–æ–π –ø–∞—Å—Ç–µ –∫–ª–∞—Å—Å–Ω–æ —ç–∫–æ–Ω–æ–º–∏—Ç—å!
–ë—É–¥–µ—Ç –∫–ª–∞—Å—Å —Ç–µ, –±—É–¥—Ç–æ —Ç–æ–Ω –ø–∞—Å—Ç–µ–ª—å!",1
–í–∞–Ω—á–æ,–ì–∞–∑–µ—Ç–∞,"–ü–æ–º–Ω—é –±–∞–±—É–ª—è –º–µ–Ω—è
–ü—Ä–æ—Ç–æ–ª–∫–Ω—É–ª–∞ –Ω–∞ –æ–±–ª–æ–∂–∫—É
–õ–æ–∫–∞–ª—å–Ω–æ–π –≥–∞–∑–µ—Ç—ã.
–ë—ã–ª–æ —Ç–∞–∫ –∫—Ä—É—Ç–æ,
–ß—Ç–æ –ø–æ—á–µ–º—É-—Ç–æ
–ú–µ–Ω—è —Å—Ç–∞–ª–æ –º–Ω–æ–≥–æ –≥–¥–µ-—Ç–æ!",1
–í–∞–Ω—á–æ,–ö–æ–ø—ã—Ç–æ,"–ö–æ–ø—ã—Ç–æ–º —Ç–æ–ø–∞–ª –ì–æ—Ä–±—É–Ω–æ–∫‚Ä¶
–ü–ª–æ—Ö–æ –ø–æ–º–Ω—é, –≤ —á–µ–º –µ–≥–æ –ø—Ä–∏–∫–æ–ª‚Ä¶
–í—ã–¥–∞–≤–∞–ª –æ–Ω –∑–æ–ª–æ—Ç–∞ –≥–æ—Ä—ã,
–ß—Ç–æ-—Ç–æ –≤—Ä–æ–¥–µ —Ç–∏–ø–∞ —Ç–æ–≥–æ‚Ä¶",2
–í–∞–Ω—á–æ,–ú–æ–Ω–µ—Ç–∞,"–ó–≤–æ–Ω–∏–ª –≤ –±–∞—Ä –ú–æ –ë–∞—Ä—Ç,
–ù–æ –≤ –±–∞—Ä–µ –ú–æ –Ω–µ—Ç—É.
–ë–∞—Ä—Ç —Ä–∞—Å—Å—Ç—Ä–æ–µ–Ω, –≤–µ–¥—å –≤ —Ç–∞–∫—Å–æ—Ñ–æ–Ω
–ü–æ—Å–ª–µ–¥–Ω—é—é –æ—Ç–¥–∞–ª –º–æ–Ω–µ—Ç—É.",3
–í–∞–Ω—á–æ,–ü–∏—Å—Ç–æ–ª–µ—Ç,"–ü–æ–º–Ω—é 2010-—ã–π, 1 –∞–ø—Ä–µ–ª—è
–î–µ–Ω—å –¥—É—Ä–∞–∫–∞ ‚Äî
–í —Å–æ–≤–ø–∞–¥–µ–Ω–∏–µ –Ω–µ –≤–µ—Ä—é!
–ò–∑-–∑–∞ –∫—Ä–∏–∫–∞ —Å—Ä–µ–¥–∏ –Ω–æ—á–∏ ¬´–∫–æ—Ä–µ—à–∞¬ª
(–ù—É –ø–∞—Ä—É —Ä–∞–∑ –≤–∏–¥–µ–ª–∏—Å—å –≥–¥–µ-—Ç–æ),
–û–∫–∞–∑–∞–ª—Å—è –≥–æ–ª–æ–≤–æ–π –≤ —Å–Ω–µ–≥—É
–° –Ω–∞–ø—Ä–∞–≤–ª–µ–Ω–Ω—ã–º –≤ –º–µ–Ω—è –ø–∏—Å—Ç–æ–ª–µ—Ç–æ–º!",4
–í–∞–Ω—á–æ,–£—Ç—Ä–æ,"–£—Ç—Ä–æ–µ–Ω–Ω—ã–π —É—Ä–æ–≤–µ–Ω—å —Å–∏–ª —É—Ç—Ä–æ–º ‚Äî
–ï—Å–ª–∏ –∑–∞—Ä–∞–Ω–µ–µ –ø—Ä–∏–¥—É–º–∞–ª, –∫–∞–∫ –∫—Ä—É—Ç–æ
–ü—Ä–æ–≤–µ—Å—Ç–∏ –Ω–æ—á—å, –¥–µ–Ω—å –∏ –≤–µ—á–µ—Ä.
–¢–∞–∫ –ø—Ä–∞–≤–¥–∞ –±—É–¥–µ—Ç –ª–µ–≥—á–µ!",5
–í–∞–Ω—á–æ,–ù–µ—Ç,"–•–æ–ª–æ–¥ ‚Äî –ª—ë–¥, —Å–æ–ª–Ω—Ü–∞ –Ω–µ—Ç.
–ë—É–¥—Ç–æ —Ç–µ–ø–ª–æ –∑–∏–º–∞ —Å—ä–µ–ª–∞ –Ω–∞ –æ–±–µ–¥.",6
–í–∞–Ω—á–æ,–†–µ–≤–∏–∑–æ—Ä,"–í –≥–æ—Ä–æ–¥–µ –ø–∞–Ω–∏–∫–∞ ‚Äî –µ–¥–µ—Ç –†–µ–≤–∏–∑–æ—Ä.
–ì–æ–ª–æ–≤—ã –ø–æ–ø–∞–¥–∞—é—Ç ‚Äî –∫–∞–∫–æ–π –ø–æ–∑–æ—Ä!
–°—Ä–æ—á–Ω–æ –≤—ã–∫–ª—é—á–∞–µ–º —Ç–µ–ª–µ–≤–∏–∑–æ—Ä
–ò –¥–µ–∫–æ—Ä–∞—Ü–∏–π —Å—Ç—Ä–æ–∏–º —É–∑–æ—Ä!",7
–í–∞–Ω—á–æ,–ú—É–∑—ã–∫–∞–Ω—Ç,"–°–ª—ã—à–∏—Ç –∏–Ω–∞—á–µ –º–∏—Ä –º—É–∑—ã–∫–∞–Ω—Ç ‚Äî
–°—Ä–µ–¥–∏ –ª—é–¥–µ–π –æ–Ω —Ç–∏–ø–æ –∫–∞–∫ –º—É—Ç–∞–Ω—Ç.
–ò –≤—ã–±—Ä–∞—Ç—å –Ω–∞–¥–æ: –ò–∫—Å –∏–ª–∏ –ú–∞–≥–Ω–µ—Ç–æ,
–í–µ–¥—å —Å—É–ø–µ—Ä-—Å–∏–ª–∞ –≤ –∫—É–ø–ª–µ—Ç–∞—Ö!",8
–í–∞–Ω—á–æ,–í–æ—Å–∫—Ä–µ—à–µ–Ω–∏–µ,"–í–æ—Ç –≤–µ–¥—å –ø—Ä–∏–¥—É–º–∞–ª –∫—Ç–æ-—Ç–æ –∫–æ–≥–¥–∞-—Ç–æ
–î–ª—è —Å—Ç–∞—Ç—É–π –Ω–∞–π—Ç–∏ –≤–æ—Å–∫ ‚Äì —Ä–µ—à–µ–Ω–∏–µ!
–¢–µ–ø–µ—Ä—å –≤ –º—É–∑–µ—è—Ö –≤–µ–∑–¥–µ —Å—Ç–æ—è—Ç
–í —Å–≤–æ–µ–º —Ä–æ–¥–µ ‚Äì –≤–æ—Å–∫—Ä–µ—à–µ–Ω–∏–µ!",9
–í–∞–Ω—á–æ,–¢—Ä–µ–Ω–µ—Ä,"–î–æ–ª–∂–µ–Ω –ª–∏ —Å—Ç—Ä–æ–≥–∏–º –±—ã—Ç—å —Ç—Ä–µ–Ω–µ—Ä
–ò–ª–∏ –¥–æ–±—Ä—è–∫–æ–º –∫–∞–∫ –¢—ç–¥ –õ–∞—Å—Å–æ?
–ù–∞–≤–µ—Ä–Ω–æ–µ, –≤—Ä–µ–º—è –∫–∞–∂–¥–æ–º—É ‚Äî —Å–≤–æ–µ:
–ö–æ–º—É-—Ç–æ –ª—é–±–∏—Ç—å, –∫–æ–º—É-—Ç–æ –±–æ—è—Ç—Å—è!",10
–í–∞–Ω—á–æ,–ö—Ä–æ–≤—å,"–í –¥–µ—Ç—Å—Ç–≤–µ —Å–ª—É—à–∞–ª –î–µ—Ü–ª–∞
–¢—Ä–µ–∫ ¬´–ö—Ä–æ–≤—å, –ú–æ—è –ö—Ä–æ–≤—å¬ª.
–í–∞–º–ø–∏—Ä–æ–≤ —Ä–∞–∑–Ω–æ—Å–∏–ª
–í –∫–ª–∏–ø–µ –≤–µ—Å–µ–ª–æ,
–°–º–æ—Ç—Ä–µ–ª –µ–≥–æ
–í–Ω–æ–≤—å –∏ –≤–Ω–æ–≤—å!",1
–í–∞–Ω—á–æ,–í–µ—Ç–µ—Ä,–í–µ—Ç–µ—Ä –∏ –≤–æ–¥–∞ –≤—å—é—Ç —Å–µ—Ç–∏,1
–í–∞–Ω—á–æ,–®–∞–º–∞–Ω,"–®–∞—É—Ä–º—É –∫–∞–∫-—Ç–æ –∑–∞—Ö–∞–≤–∞–ª —à–∞–º–∞–Ω
–ò –≤–æ–∫—Ä—É–≥ —É–Ω–∏—Ç–∞–∑–∞ –¥—É—Ö–æ–≤ –Ω–∞–≤—ã–∑—ã–≤–∞–ª!",1
–í–∞–Ω—á–æ,–†—ã–±–∞,"¬´–†—ã–±–∞ –Ω–∞ —Å—Ç–æ–ª–µ. –ù–∞–≤–µ—Ä–Ω–æ–µ, —á–µ—Ç–≤–µ—Ä–≥¬ª ‚Äì
–ü–æ-–ª—é–±–æ–º—É —Ç–∞–∫ –¥—É–º–∞–ª —Å–æ–≤–µ—Ç—Å–∫–∏–π —á–µ–ª–æ–≤–µ–∫.",1
–í–∞–Ω—á–æ,–ü–µ—Ä–µ—Å—Ç—Ä–µ–ª–∫–∞,"–í –≥–æ—Ä–æ–¥–µ –ø–µ—Ä–µ—Å—Ç—Ä–µ–ª–∫–∞,
–í—Å—é–¥—É —Å–∏–Ω–µ-–∫—Ä–∞—Å–Ω—ã–µ –æ–≥–Ω–∏.
–ù–µ–±–æ –∫—Ä–∞—Å—è—Ç ‚Äì –≤—Ä–µ–º—è –∑–µ—Ä–∫–∞–ª.
–ü–æ–≤–µ–∑–ª–æ, –º—ã ‚Äì –Ω–µ –æ–Ω–∏.",1
–í–∞–Ω—á–æ,–ö–ª–∏–∫–∫–ª–∞–∫,"–ö–ª–∏–Ω–æ–º –±—å—é—Ç –∫–ª–∏–Ω, —Ç–∞–∫?
–î–æ—Å—Ç—Ä–æ–µ–Ω —Ç–≤–æ–µ–π –ª—é–±–≤–∏‚Ä¶
–ö–ª–∏–∫–ö–ª–∞–∫ üß°",2
–í–∞–Ω—á–æ,–¢–∏—Ç–∞–Ω—ã,"–í –¥–µ—Ç—Å—Ç–≤–µ –ø–æ —Ç–µ–ª–µ–∫—É —à–ª–∏ ¬´–¢–∏—Ç–∞–Ω—ã –†–µ—Å—Ç–ª–∏–Ω–≥–∞¬ª,
–ö–∞–π–Ω –∏ –ì—Ä–æ–±–æ–≤—â–∏–∫ –º–Ω–µ —Ç–∞–º –¥–µ–ª–∞–ª–∏ –≤–µ—Å–µ–ª–æ!",1
–í–∞–Ω—á–æ,–°–∞–¥,"–†–∞–π—Å–∫–∏–π —Å–∞–¥ –ø–æ–ª–æ–Ω –ø—Ç–∏—Ü –∏ –∑–≤–µ—Ä–µ–π,
–ù–æ –∏–∑ –Ω–µ–≥–æ –Ω–µ—Ç –Ω–æ—Ä–º–∞–ª—å–Ω—ã—Ö –¥–≤–µ—Ä–µ–π.
–¢–∞–º —Å—Ä–∞–∑—É –≤ –∞–¥, –ª–∏–±–æ –Ω–∞ –ó–µ–º–ª–µ
–û—Å—Ç–∞—Ç–æ–∫ –¥–Ω–µ–π –ø—Ä–æ–∂–∏–≤–∞—Ç—å —Ç–µ–ø–µ—Ä—å.",2
–í–∞–Ω—á–æ,–õ–µ—Å,"–ù–µ —Å—Ç—Ä–∞—à–Ω–æ –ø–æ—Ç–µ—Ä—è—Ç—å—Å—è –≤ –ª–µ—Å—É,
–ï—Å–ª–∏ –∑—É–± —Ç–æ—á–∏–ª –ë–µ–∞—Ä –ì—Ä–∏–ª–∑–æ–º.
–ñ–∞–ª—å, —á—Ç–æ –ø—Ä–æ–ø—É—Å—Ç–∏–ª —Å–∞–º—É—é —Å—É—Ç—å...
–ò –∑–Ω–∞—é –ª–∏—à—å —á–µ–º –±—ã –æ–Ω –Ω–∞–ø–∏–ª—Å—è!",1
